Total,Crew,passenger,Ground,Notes,T,Incident[a],Aircraft,Location,Phase,Airport,Distance,Date
"est. 1,700[b]",11,81,"est. 1,600",†,INH,American Airlines Flight 11,Boeing 767-223ER,"New York City, New York, U.S.",ENR [5],,,11-09-2001
"est. 1,000[c]",9,56,est. 900,†,INH,United Airlines Flight 175,Boeing 767-222,"New York City, New York, U.S.",ENR [6],,,11-09-2001
583,23,560,0,‡,COM,Pan Am Flight 1736 and KLM Flight 4805,Boeing 747-121 and Boeing 747-206B,"Tenerife, Spain",TXI/TOF [7][14][15],TFN,,27-03-1977
520,15,505,0,,COM,Japan Air Lines Flight 123,Boeing 747SR-46,"Mount Takamagahara, Ueno, Japan",ENR [16][17],,,12-08-1985
349,33,316,0,†,COM,Saudia Flight 763 and Kazakhstan Airlines Flight 1907,Boeing 747-168B and Ilyushin Il-76TD,"Charkhi Dadri, India",ENR [18][19],,,12-11-1996
346,11,335,0,"‡, †",COM,Turkish Airlines Flight 981,McDonnell Douglas DC-10-10,"Fontaine-Chaalis, France",ENR [20][21] [22],,,03-03-1974
329,22,307,0,†,INB,Air India Flight 182,Boeing 747-237B,"Atlantic Ocean, area of Cork, Ireland",ENR [23],,,23-06-1985
301,14,287,0,†,COM,Saudia Flight 163,Lockheed L-1011-200 TriStar,"Riyadh, Saudi Arabia",ENR [24],RUH,,19-08-1980
298,15,283,0,†,EXG,Malaysia Airlines Flight 17,Boeing 777-2H6ER,"near Hrabove, Donetsk Oblast, Ukraine",ENR [25],,,17-07-2014
290,16,274,0,†,EXG,Iran Air Flight 655,Airbus A300B2-203,"Strait of Hormuz, off Shib Deraz, Iran",ENR [26],,,03-07-1988
279,12,229,38,1*,COM,Air India Flight 171,Boeing 787-8 Dreamliner,"Ahmedabad, India",ICL [27][28],AMD,,12-06-2025
275,18,257,0,†,MIL,Iranian Revolutionary Guard Corps Aerospace Force (15-2280),Ilyushin Il-76MD,"near Kerman, Iran",ENR [29],,,19-02-2003
273,13,258,2,†,COM,American Airlines Flight 191,McDonnell Douglas DC-10-10,"Des Plaines, Illinois, U.S.",TOF [30][31] [32],ORD,1.4 km (0.76 NM),25-05-1979
270,16,243,11,†,INB,Pan Am Flight 103,Boeing 747-121,"Lockerbie, United Kingdom",ENR [33],,,21-12-1988
269,23,246,0,†,EXS,Korean Air Lines Flight 007,Boeing 747-230B,"Sea of Japan, near Moneron Island, Russian SFSR, USSR",ENR [34],,,01-09-1983
265,9,251,5,†,COM,American Airlines Flight 587,Airbus A300B4-605R,"Belle Harbor, New York City, New York, U.S.",ENR [35][36],,,12-11-2001
264,15,249,0,,COM,China Airlines Flight 140,Airbus A300B4-622R,"Komaki, Japan",APR [37][38],NKM,<0.1 km (0.054 NM),26-04-1994
261,14,247,0,†,COM,Nigeria Airways Flight 2120,McDonnell Douglas DC-8-61,"Jeddah, Saudi Arabia",APR [39],JED,2.8 km (1.5 NM),11-07-1991
257,10,247,0,†,MIL,Algerian Air Force (7T-WIV),Ilyushin Il-76TD,"Boufarik, Algeria",ICL [40],,,11-04-2018
257,20,237,0,†,COM,Air New Zealand Flight 901,McDonnell Douglas DC-10-30,"Mount Erebus, Antarctica",ENR [32][41],,,28-11-1979
256,8,248,0,†,COM,Arrow Air Flight 1285R,McDonnell Douglas DC-8-63CF,"Gander, Newfoundland, Canada",ICL [42],YQX,1 km (0.54 NM),12-12-1985
251,2,0,249[d],,COM,Air Africa (RA-26222),Antonov An-32B,"Kinshasa, DR Congo (then Zaire)",ICL [43][44][45],NLO,0.6 km (0.32 NM),08-01-1996
239,12,227,0,†[e],COM,Malaysia Airlines Flight 370,Boeing 777-2H6ER,Indian Ocean,ENR [46],,,08-03-2014
234,14,220,0,†,COM,Garuda Indonesia Flight 152,Airbus A300B4-220,"near Medan, Indonesia",APR [47],MES,32 km (17 NM),26-09-1997
230,18,212,0,†,COM,Trans World Airlines Flight 800,Boeing 747-131,"Atlantic Ocean, off East Moriches, New York, U.S.",ENR [48][49],,,17-07-1996
229,14,215,0,†,COM,Swissair Flight 111,McDonnell Douglas MD-11,"Atlantic Ocean, off Peggys Cove, N.S., Canada",ENR [50][51],,,02-09-1998
229,14,215,0,,COM,Korean Air Flight 801,Boeing 747-3B5,"Asan-Maina, Guam, U.S.",APR [52][53],GUM,4.8 km (2.6 NM),06-08-1997
228,12,216,0,†,COM,Air France Flight 447,Airbus A330-203,"Atlantic Ocean, area of Saint Peter and Saint Paul Archipelago",ENR [54],,,01-06-2009
225,19,206,0,†,COM,China Airlines Flight 611,Boeing 747-209B,"Taiwan Strait, near Penghu Islands, Taiwan",ENR [55],,,25-05-2002
224,7,217,0,†,INB,Metrojet Flight 9268,Airbus A321-231,"near Hasna, North Sinai Governorate, Egypt",ENR [56],,,31-10-2015
223,10,213,0,†,COM,Lauda Air Flight 004,Boeing 767-3Z9ER,"Phu Toei National Park, Thailand",ENR [57],,,26-05-1991
217,15,202,0,†,COM,EgyptAir Flight 990,Boeing 767-366ER,"Atlantic Ocean, area of Nantucket, Massachusetts, U.S.",ENR [58],,,31-10-1999
213,23,190,0,†,COM,Air India Flight 855,Boeing 747-237B,"Arabian Sea, off Mumbai, India",ENR [59],,,01-01-1978
202,14,182,6,†,COM,China Airlines Flight 676,Airbus A300B4-622R,"Dayuan District, Taiwan",APR [60],TPE,0.06 km (0.032 NM),16-02-1998
200,9,191,0,†,COM,Aeroflot Flight 5143,Tupolev Tu-154B-2,"near Uchkuduk, Uzbek SSR, USSR",ENR [61],,,10-07-1985
199,6,181,12,†,COM,TAM Linhas Aéreas Flight 3054,Airbus A320-233,"São Paulo, Brazil",LDG [62],CGH,,17-07-2007
191,9,182,0,†,COM,Martinair Flight 138,Douglas DC-8-55CF,"near Maskeliya, Sri Lanka",ENR [63],,,04-12-1974
189,8,181,0,†,COM,Lion Air Flight 610,Boeing 737 MAX 8,"Java Sea, off Tanjungbungin, Karawang Regency, Indonesia",ENR [64],,,29-10-2018
189,6,58,125,†,INH,American Airlines Flight 77,Boeing 757-223,"Arlington, Virginia, U.S.",ENR [65],,,11-09-2001
189,13,176,0,†,COM,Birgenair Flight 301,Boeing 757-225,"Atlantic Ocean, near Puerto Plata, Dominican Republic",ENR [66],,,06-02-1996
188,7,181,0,†,COM,Royal Air Maroc (JY-AEE),Boeing 707-321C,"Tamri, Morocco",ENR [67],,,03-08-1975
183,11,172,0,†,COM,LOT Polish Airlines Flight 5055,Ilyushin Il-62M,"Warsaw, Poland",ENR [f][68],WAW,6 km (3.2 NM),09-05-1987
183,8,175,0,,COM,Loftleiðir Flight 001,Douglas DC-8-63CF,"Katunayake, Sri Lanka",APR [69],CMB,2.1 km (1.1 NM),15-11-1978
181,19,162,0,,COM,Avianca Flight 011,Boeing 747-283B,"Madrid, Spain",APR [70],MAD,12 km (6.5 NM),27-11-1983
180,7,173,0,†,COM,Inex-Adria Aviopromet Flight 1308,McDonnell Douglas MD-82,"Mount San Pietro, Petreto-Bicchisano, Corsica, France",ENR [71][72],,,01-12-1981
179,4,175,0,,COM,Jeju Air Flight 2216,Boeing 737-800,"Muan, South Jeolla, South Korea",LDG [73],MWX,,29-12-2024
178,5,169,4,,COM,Aeroflot Flight 3352,Tupolev Tu-154,"Omsk, Russian SFSR, USSR",LDG [74],OMS,,11-10-1984
178,13,165,0,†,COM,Aeroflot Flight 7628  and Aeroflot Flight 7880,Tupolev Tu-134A (both),"near Dniprodzerzhynsk, Ukrainian SSR, USSR",ENR [75][76],,,11-08-1979
176,9,167,0,†,EXG,Ukraine International Airlines Flight 752,Boeing 737-800,"Tehran, Iran",ENR [77],IKA,,08-01-2020
176,9,167,0,,COM,Surinam Airways Flight 764,Douglas DC-8-62,"Paramaribo, Surinam",APR [78],PBM,3 km (1.6 NM),07-06-1989
176,14,162,0,†,COM,British Airways Flight 476 and Inex-Adria Aviopromet Flight 550,Hawker Siddeley Trident 3B and Douglas DC-9-32,"Vrbovec, SR Croatia, Yugoslavia",ENR [79][80] [81],,,10-09-1976
176,6,170,0,,COM,Nigeria Airways (JY-ADO),Boeing 707-3D3C,"Kano, Nigeria",LDG [82],KAN,,22-01-1973
174,10,164,0,†,COM,Aeroflot Flight 217,Ilyushin Il-62,"Moscow, Russian SFSR, USSR",APR [83],SVO,11 km (5.9 NM),13-10-1972
170,10,160,0,†,COM,Pulkovo Aviation Enterprise Flight 612,Tupolev Tu-154M,"Sukha Balka, Donetsk Oblast, Ukraine",ENR [84],,,22-08-2006
170,14,156,0,†,INB,Union de Transports Aériens Flight 772,McDonnell Douglas DC-10-30,"Ténéré, Niger",ENR [85][86],,,19-09-1989
169,10,159,0,,COM,Kenya Airways Flight 431,Airbus A310-304,Gulf of Guinea off Côte d'Ivoire,ENR [87],,,30-01-2000
168,12,156,0,†,COM,Caspian Airlines Flight 7908,Tupolev Tu-154M,"Qazvin, Iran",ENR [88],,,15-07-2009
167,12,155,0,†,COM,Pakistan International Airlines Flight 268,Airbus A300B4-200,"Kathmandu, Nepal",APR [89],KTM,20 km (11 NM),28-09-1992
167,8,159,0,†,COM,Mexicana de Aviación Flight 940,Boeing 727-264,"Sierra Madre Occidental, Mexico",ENR [90],,,31-03-1986
166,10,156,0,†,COM,Aeroflot Flight 4225,Tupolev Tu-154B-2,"Almaty, Kazakh SSR, USSR",ENR [91],,,08-07-1980
162,7,155,0,†,COM,Indonesia AirAsia Flight 8501,Airbus A320-216,"Karimata Strait, between Belitung and Borneo, Java Sea, Indonesia",ENR [92],,,28-12-2014
162,7,155,0,1*[g],COM,All Nippon Airways Flight 58 and JASDF (92-7932),Boeing 727-200 and North American F-86 Sabre,"Shizukuishi, Japan",ENR [93],,,30-07-1971
160,8,152,0,†,COM,West Caribbean Airways Flight 708,McDonnell Douglas MD-82,"Machiques, Venezuela",ENR [94],,,16-08-2005
160,14,146,0,†,COM,China Northwest Airlines Flight 2303,Tupolev Tu-154M,"Xi'an, China",ENR [95],,,06-06-1994
159,6,147,6,†,COM,Dana Air Flight 0992,McDonnell Douglas MD-83,"Lagos, Nigeria",APR [96],LOS,9.3 km (5.0 NM),03-06-2012
159,8,151,0,,COM,American Airlines Flight 965,Boeing 757-223,"near Buga, Colombia",APR [97],CLO,c. 48 km (26 NM),20-12-1995
159,9,150,0,,COM,Libyan Arab Airlines Flight 1103 and Libyan Air Force,Boeing 727-2L5 and Mikoyan-Gurevich MiG-23,"Qasr bin Ghashir, Tripoli, Libya",APR [98],TIP,9 km (4.9 NM),22-12-1992
159,8,151[h],0,†,MIL,Nigerian Air Force (NAF911),Lockheed C-130H Hercules,"Lagos, Nigeria",ENR [99],,,26-09-1992
159,19,140,0,†,COM,South African Airways Flight 295,Boeing 747-244B,"Indian Ocean, area of Mauritius",ENR [100],,,28-11-1987
158,6,160,0,,COM,Air India Express Flight 812,Boeing 737-8HG,"Mangalore, India",LDG [101],IXE,,22-05-2010
157,8,149,0,†,COM,Ethiopian Airlines Flight 302,Boeing 737 MAX 8,"Bishoftu, Ethiopia",ENR [102][103],,,10-03-2019
156,6,148,2,1*,COM,Northwest Airlines Flight 255,McDonnell Douglas MD-82,"Romulus, Michigan, U.S.",TOF [104][105],DTW,<0.5 km (0.27 NM),16-08-1987
156,11,145,0,†,COM,Pakistan International Airlines Flight 740,Boeing 707-340C,"near Taif, Saudi Arabia",ENR [106],,,26-11-1979
156,11,145,0,†,COM,Interflug Flight 450,Ilyushin Il-62,"Königs Wusterhausen, East Germany",ENR [107],,,14-08-1972
155,7,148,0,†,COM,Spantax (EC-BZR),Convair 990 Coronado,"San Cristóbal, Tenerife, Canary Islands, Spain",ICL [108],TFN,0.33 km (0.18 NM),03-12-1972
155,10,74,71,†,COM,Viasa Flight 742,McDonnell Douglas DC-9-32,"Maracaibo, Venezuela",ICL [109],MAR,0.85 km (0.46 NM),16-03-1969
155,5,150,0,"‡, †",EXG,US Air Force (60-0297),Lockheed C-130B Hercules,"Kham Duc, South Vietnam",ICL [110],,,12-05-1968
154,6,148,0,,COM,Spanair Flight 5022,McDonnell Douglas MD-82,"Madrid, Spain",TOF [111],MAD,<0.5 km (0.27 NM),20-08-2008
154,6,148,0,†[i],COM,Gol Transportes Aéreos Flight 1907 and  ExcelAire (N600XL),Boeing 737-8EH and Embraer Legacy 600,"near Peixoto Azevedo, Brazil",ENR [112],,,29-09-2006
154,8,146,0,†,COM,Turkish Airlines Flight 452,Boeing 727-2F2,"Isparta, Turkey",APR [113],***[j],,19-09-1976
153,7,138,8,†,COM,Pan Am Flight 759,Boeing 727-235,"Kenner, Louisiana, U.S.",ICL [114][115],MSY,<1 km (0.54 NM),09-07-1982
152,6,146,0,†,COM,Airblue Flight 202,Airbus A321-231,"Islamabad, Pakistan",APR [116],ISB,15 km (8.1 NM),28-07-2010
152,11,141,0,1*,COM,Yemenia Flight 626,Airbus A310-324,"Mozambique Channel off Mitsamiouli, Comoros",APR [117],HAH,c. 40 km (22 NM),30-06-2009
150,6,144,0,†,COM,Germanwings Flight 9525,Airbus A320-211,"near the French Alps, France",ENR [118],,,24-03-2015
150,11,115,24,†,COM,Cubana de Aviación Flight 9046,Ilyushin II-62M,"Havana, Cuba",ICL [119],HAV,<1.5 km (0.81 NM),03-09-1989
149,5,95,49,,COM,Mandala Airlines Flight 091,Boeing 737-230,"Medan, Indonesia",ICL [120][121],MES,c. 1 km (0.54 NM),05-09-2005
148,13,135,0,†,COM,Flash Airlines Flight 604,Boeing 737-3Q8,"Red Sea, off Sharm el-Sheikh, Egypt",ENR [122],,,03-01-2004
148,7,141,0,†,COM,Iberia Airlines Flight 610,Boeing 727-256,"Oiz mountain, Spain",ENR [123],,,19-02-1985
146,8,138,0,†,COM,Dan-Air Flight 1008,Boeing 727-46,"La Esperanza Forest, Tenerife, Canary Islands, Spain",APR [124],TFN,12 km (6.5 NM),25-04-1980
145,9,136,0,†,COM,Vladivostok Air Flight 352,Tupolev Tu-154M,"near Budaro, Irkutsk, Russia",APR [125],IKT,23 km (12 NM),04-07-2001
144,10,134,0,†,COM,ADC Airlines Flight 086,Boeing 727-231,"Ejirin, Lagos State, Nigeria",APR [126],LOS,56 km (30 NM),07-11-1996
144,7,137,0,†,COM,Independent Air Flight 1851,Boeing 707-331B,"Pico Alto, Azores, Portugal",APR [127],SMA,6.6 km (3.6 NM),08-02-1989
144,9,128,7,†,COM,Pacific Southwest Airlines Flight 182 and Private aircraft (N7711G),Boeing 727-214 and Cessna 172,"San Diego, California, U.S.",APR [128][129],SAN,5.6 km (3.0 NM),25-09-1978
143,8,135,0,†,COM,Gulf Air Flight 072,Airbus A320-212,"Persian Gulf, off Al Muharraq, Bahrain",APR [130],BAH,2 km (1.1 NM),23-08-2000
143,7,136,0,†,COM,Avianca Flight 410,Boeing 727-21,"Sardinata, Colombia",ENR [131],,,17-03-1988
141,5,136[k],0,,COM,UTA Flight 141,Boeing 727-223,"Cotonou, Benin",TOF [132],COO,<1 km (0.54 NM),25-12-2003
141,11,130,0,†,COM,Vnukovo Airlines Flight 2801,Tupolev Tu-154M,"Svalbard, Norway",APR [133],LYR,14.3 km (7.7 NM),29-08-1996
141,4,137,0,,COM,Trans Service Airlift (9Q-CRR),Lockheed L-188 Electra,"Jamba, Cuando Cubango, Angola",TOF [134],,,18-12-1995
141,10,131,0,†,COM,China Southern Airlines Flight 3943,Boeing 737-31B,"Hejiaqiao, Yanshan District, China",APR [135],KWL,20 km (11 NM),24-11-1992
140+[l],[m],[n],0,[o],MIL,Malian Air Force (TZ-98T),Ilyushin Il-76TD,"Gao International Airport, Gao, Mali",LDG [136],GAQ,,23-09-2023
139,12,110[p],17[q],†,MIL,Indonesian Air Force (A-1310),Lockheed C-130 Hercules,"Medan, Indonesia",ICL [137],MES,1 km (0.54 NM),30-06-2015
138,11,127,0,[r],MIL,US Air Force (68-0218),Lockheed C-5A Galaxy,"Saigon, South Vietnam",ENR [138],,,04-04-1975
137,8,128,1,,COM,Delta Air Lines Flight 191,Lockheed L-1011 TriStar,"Dallas–Fort Worth, Texas, U.S.",APR [139][140],DFW,c. 2 km (1.1 NM),02-08-1985
137,9,128,0,†,COM,Viação Aérea São Paulo Flight 168,Boeing 727-212A,"Pacatuba, Brazil",APR [141],FOR,25 km (13 NM),08-06-1982
135,12,121,2,1*,MIL,Indonesian Air Force (A-1324),Lockheed C-130H-30 Hercules,"East Jakarta, Indonesia",ICL [142],HLP,3 km (1.6 NM),05-10-1991
134,12,116,6,"‡, †",COM,United Air Lines Flight 826 and Trans World Airlines Flight 266,Douglas DC-8-21 and Lockheed L-1049,"New York City, U.S.",APR [143][144] [145],LGA,,16-12-1960
133,14,119,0,†,MIL,Iran Air Tours Flight 962 and Iranian Air Force Su-24,Tupolev Tu-154 and Sukhoi Su-24,"Shahr-e Qods, Iran",APR/TOF [146],THR,15 km (8.1 NM),08-02-1993
133,6,127,0,,COM,Indian Airlines Flight 113,Boeing 737-2A8,"Ahmedabad, India",APR [147],AMD,5 km (2.7 NM),19-10-1988
133,7,126,0,†,COM,All Nippon Airways Flight 60,Boeing 727-81,"Tokyo Bay, Japan",APR [148],HND,12 km (6.5 NM),04-02-1966
132,9,123,0,†,COM,China Eastern Airlines Flight 5735,Boeing 737-89P,"Shentangbiao, Molang village, Teng County, Wuzhou, Guangxi, China",ENR [149],,,21-03-2022
132,5,127,0,†,COM,USAir Flight 427,Boeing 737-3B7,"Aliquippa, Pennsylvania, U.S.",APR [150][151],PIT,13 km (7.0 NM),08-09-1994
132,7,125,0,†,COM,SAM Colombia Flight 501,Boeing 727-146,"La Canada, near Medellín, Colombia",ENR [152],,,19-05-1993
132,8,124,0,†,COM,Aeroflot Flight 8641,Yakovlev Yak-42,"Mazyr, Byelorussian SSR, USSR",ENR [153][154],,,28-06-1982
131,7,124,0,†,COM,Air Philippines Flight 541,Boeing 737-2H4,"Samal, Davao del Norte, Philippines",APR [155],DVO,7.5 km (4.0 NM),19-04-2000
131,4,127,0,,COM,TAN-SAHSA Flight 414,Boeing 727-224,"Tegucigalpa, Honduras",APR [156],TGU,9 km (4.9 NM),21-10-1989
131,6,125,0,,COM,Transportes Aéreos Portugueses Flight 425,Boeing 727-282Adv,"Santa Cruz, Madeira, Portugal",LDG [157],FNC,,19-11-1977
130,4,126,0,†,COM[s],TAAG Flight 462,Boeing 737-200,"Lubango, Angola",ICL,SDD,1 km (0.54 NM),08-11-1983
130,8,122,0,,COM,Air France Flight 007,Boeing 707-328,"Paris, France",TOF [159],ORY,,03-06-1962
129,8,121,0,,COM,Air China Flight 129,Boeing 767-2J6ER,"Busan, South Korea",APR [160],PUS,4.6 km (2.5 NM),15-04-2002
129,7,122,0,"‡, †",MIL,US Air Force (51-0137),Douglas C-124A-DL Globemaster II,"Tachikawa, Japan",APR [161],RJTC,5.6 km (3.0 NM),18-06-1953
128,7,121,0,,INH,"Xiamen Airlines Flight 8301, China Southwest Airlines Flight 4305, and CAAC Flight 3523","Boeing 737-247, Boeing 707-3J6B, and Boeing 757-21B","Baiyun District, Guangzhou, China",LDG/STD [162][163][164][t],***,,02-10-1990
128,8,120,0,†,COM,Iran Air Flight 291,Boeing 727-86,"Alborz Mountains, Iran",APR [165],THR,29 km (16 NM),21-01-1980
128,11,117,0,†,COM,United Air Lines Flight 718 and Trans World Airlines Flight 2,Douglas DC-7 and Lockheed L-1049,"Grand Canyon, Arizona, U.S.",ENR [166][167] [168],,,30-06-1956
127,6,121,0,†,COM,Bhoja Air Flight 213,Boeing 737-236,"Islamabad, Pakistan",APR [169],ISB,c. 2.5 km (1.3 NM),20-04-2012
127,0,127,0,,MIL,Russian Air Force (89 red),Mil Mi-26,"Khankala, Chechnya, Russia",APR [170][171],,,19-08-2002
126,11,115,0,,COM,Československé Státní Aerolinie Flight 540,Ilyushin Il-62,"Damascus, Syria",APR [172],DAM,17 km (9.2 NM),20-08-1975
126,9,117,0,,COM,Globe Air (HB-ITB),Bristol Britannia 313,"Nicosia, Cyprus",APR [173],NIC,3.5 km (1.9 NM),20-04-1967
125,5,120,0,,COM,S7 Airlines Flight 778,Airbus A310-300,"Irkutsk, Russia",LDG [174],IKT,,09-07-2006
125,6,119,0,,INH,Ethiopian Airlines Flight 961,Boeing 767-260ER,"Indian Ocean, off Grande Comore, Comoros",APR [175],HAH[u],0.5 km (0.3 ml),23-11-1996
125,9,115,1,†,COM,Baikal Airlines Flight 130,Tupolev Tu-154,"Irkutsk, Russia",ENR [176],,,03-01-1994
124,11,113,0,†,COM,British Overseas Airways Corporation Flight 911,Boeing 707-436,"Gotemba, Japan",ENR [177],,,05-03-1966
123,6,117,0,†,COM,Faucett Perú Flight 251,Boeing 737-222,"Arequipa, Peru",APR [178],AQP,6.3 km (3.4 NM),29-02-1996
123,7,116,0,,COM,Varig Flight 820,Boeing 707-320C,"Saulx-les-Chartreux, France",APR [179],ORY,5 km (2.7 NM),11-07-1973
123,12,111,0,,COM,South African Airways Flight 228,Boeing 707-344C,"Windhoek, Namibia (then South West Africa)",ICL [180],WDH,5 km (2.7 NM),20-04-1968
122,14,108,0,†,MIL,Myanmar Air Force (5820),Shaanxi Y-8F-200,"Andaman Sea, off Dawei, Myanmar",ENR [181],,,07-06-2017
122,8,114,0,†,COM,Aeroflot Flight 964,Tupolev Tu-104B,"Domodedovo, Russian SFSR, USSR",APR [182],DME,17 km (9.2 NM),13-10-1973
122,7,115,0,†,COM,Aeroflot Flight 1491,Antonov An-10,"near Kharkiv, Ukrainian SSR, USSR",APR [183],HRK,24 km (13 NM),18-05-1972
121,6,115,0,†,COM,Helios Airways Flight 522,Boeing 737-31S,"Grammatiko, Greece",ENR [184],,,14-08-2005
121,13,108,0,,COM,Pakistan International Airlines Flight 705,Boeing 720 040B,"New Cairo, Egypt",APR [185],CAI,c. 20 km (11 NM),20-05-1965
120,10,110,0,†,COM,Aeroflot Flight 831 and Soviet Air Force An-12,Ilyushin Il-14M and Antonov An-12BP,"Poroslitsy, Yukhnovsky, Russian SFSR, USSR",ENR [186][187],,,23-06-1969
119,12,107,0,†,COM,Iran Air Tours Flight 956,Tupolev Tu-154M,"near Sarab-e Dowreh, Iran",APR [188],KHD,c. 46 km (25 NM),12-02-2002
119,8,111,0,†,COM,TAME Flight 173,Boeing 737-200 Advanced,"Cuenca, Ecuador",APR [189],CUE,1.5 km (0.81 NM),11-07-1983
118,8,106,4,†,COM,Scandinavian Airlines System Flight 686 and Private aircraft (D-IEVX),McDonnell Douglas MD-87 and Cessna Citation CJ2,"Milan, Italy",TOF/TXI [190][191] [192],LIN,,08-10-2001
118,9,109,0,†,COM,British European Airways Flight 548,Hawker Siddeley Trident 1C,"Staines, United Kingdom",ICL [193][194],LHR,5.5 km (3.0 NM),18-06-1972
118,7,111,0,†,COM,Trans-Canada Air Lines Flight 831,Douglas DC-8-54CF,"Sainte-Thérèse, Quebec, Canada",ENR [195],,,29-11-1963
117,6,111,0,†,COM,Bellview Airlines Flight 210,Boeing 737-2L9,"near Lagos, Nigeria",ENR [196],,,22-10-2005
116,11,105,0,1*,COM,Sudan Airways Flight 139,Boeing 737-200C,"Port Sudan, Sudan",APR [197],PZU,5 km (2.7 NM),08-07-2003
117,11,106,0,†,COM,Air India Flight 101,Boeing 707-437,"Mont Blanc massif, France",ENR [198],,,24-01-1966
116,6,110,0,†,COM,Air Algérie Flight 5017,McDonnell Douglas MD-83,"near Gossi, Mali",ENR [199],,,24-07-2014
116,8,108,0,†,COM,Avioimpex Flight 110,Yakovlev Yak-42,"Ohrid, Republic of Macedonia",APR [200],OHD,2 km (1.1 NM),20-11-1993
115,11,104,0,†,INB,Korean Air Flight 858,Boeing 707-3B5C,"Andaman Sea, near Heinze Bok, Burma",ENR [201],,,29-11-1987
115,7,108,0,†,COM,Alitalia Flight 112,McDonnell Douglas DC-8-43,"Cinisi, Sicily, Italy",APR [202],PMO,5 km (2.7 NM),05-05-1972
114,6,108,0,†,COM,Kenya Airways Flight 507,Boeing 737-8AL,"Douala, Cameroon",ENR [203],,,05-05-2007
113,8,105,0,†,COM,Armavia Flight 967,Airbus A320-221,"Black Sea, off Adler, Russia",APR [204],AER,6 km (3.2 NM),03-05-2006
113,9,100,4,†,COM,Air France Flight 4590,Aérospatiale-BAC Concorde,"Gonesse, France",ICL [205][206],CDG,3.5 km (1.9 NM),25-07-2000
113,14,99,0,†,COM,Thai Airways International Flight 311,Airbus A310-304,"Langtang National Park, Nepal",ENR [207],,,31-07-1992
113,6,107,0,,COM,Eastern Air Lines Flight 66,Boeing 727-225,"Jamaica, New York, U.S.",APR [208][209],JFK,0.73 km (0.39 NM),24-06-1975
113,10,103,0,†,COM,Air France Flight 117,Boeing 707-328,"near Deshaies, Guadeloupe, West Indies",APR [210],PTP,25 km (13 NM),22-06-1962
112,6,106,0,1*,COM,Cubana de Aviación Flight 0972,Boeing 737-201 Adv.,"Santiago de las Vegas, Cuba",ICL [211],HAV,10 km (5.4 NM),18-05-2018
112,9,103,0,†,COM,China Northern Airlines Flight 6136,McDonnell Douglas MD-82,"Dalian Bay, China",APR [212],DLC,20 km (11 NM),07-05-2002
112,1,111,0,,COM,United Airlines Flight 232,McDonnell Douglas DC-10-10,"Sioux City, Iowa, U.S.",LDG [86][213] [214],SUX,,19-07-1989
112,5,107,0,†,INB,Gulf Air Flight 771,Boeing 737-2P6,"Mina Jebel Ali, United Arab Emirates",APR [215],AUH,80 km (43 NM),23-09-1983
112,8,104,0,†,COM,CAAC Flight 3303,Hawker Siddeley Trident,"near Yangshuo, China",APR [216],KWL,60 km (32 NM),26-04-1982
112,6,106,0,†,COM,Sterling Airways Flight 296,Sud Aviation Caravelle,"Fujairah, United Arab Emirates",ENR [217],,,14-03-1972
112,7,105,0,†,COM,Dan-Air Flight 1903,de Havilland Comet 4,"Les Agudes mountain, Spain",ENR [218][219],,,03-07-1970
111,11,100,0,†,COM,Aeroflot Flight 909,Ilyushin Il-18E,"Verkhnyaya Khava, Verkhnekhavsky District, Russian SFSR, USSR",ENR [220],,,06-03-1976
111,7,104,0,†,COM,Alaska Airlines Flight 1866,Boeing 727-100,"near Juneau, Alaska, U.S.",APR [221][222],JNU,30 km (16 NM),04-09-1971
111,4,0,107,†,COM,Flying Tiger Line (N228SW),Canadair CL-44D4-1,"Da Nang, Vietnam",APR [223],DAD,c. 1 km (0.54 NM),24-12-1966
111,10,101,0,†,COM,Caledonian Airways Flight 153,Douglas DC-7,"Douala, Cameroon",ICL [224],DLA,2.5 km (1.3 NM),04-03-1962
110,5,105,0,†,COM,ValuJet Airlines Flight 592,McDonnell Douglas DC-9-32,"Everglades, Florida, U.S.",ENR [225][226],,,11-05-1996
110,6,101,3,†,INB,Avianca Flight 203,Boeing 727-21,"Bogotá, Colombia",ENR [227],,,27-11-1989
110,7,103,0,1*,COM,Aeroflot Flight 3519,Tupolev 154B-2,"Yemelyanovo, Yemelyanovsky, Russian SFSR, USSR",ENR [228],,,23-12-1984
110,6,104,0,†,COM,Far Eastern Air Transport Flight 103,Boeing 737-222,"Miaoli, Taiwan",ENR [229],,,22-08-1981
109,7,102,0,†,COM,Aeroflot (CCCP-75559),Ilyushin Il-18V,"Shushary, Russian SFSR, USSR",APR [230],LED,2.5 km (1.3 NM),27-04-1974
109,8,101,0,†,COM,Aeroflot Flight 1036,Ilyushin Il-18V,"Black Sea, off Adler, Russian SFSR, USSR",ICL [231],AER,4 km (2.2 NM),01-10-1972
109,9,100,0,†,COM,Air Canada Flight 621,McDonnell Douglas DC-8-63,"Vaughan, Ontario, Canada",LDG [232],YYZ,11 km (5.9 NM),05-07-1970
108,7,101,0,,COM,Sosoliso Airlines Flight 1145,McDonnell Douglas DC-9-32,"Port Harcourt, Nigeria",LDG [233],PHC,,10-12-2005
108,8,100,0,,EXG,Orbi Georgian Airways (4L-85163),Tupolev Tu-154B,"Babushara, near Sukhumi, Abkhazia, Georgia",APR [234],SUI,,22-09-1993
108,8,100,0,,COM,China General Aviation Flight 7552,Yakovlev Yak-42,"Nanjing, China",ICL [235],NKG,0.6 km (0.32 NM),31-07-1992
108,10,98,0,†,COM,China Southwest Airlines Flight 4146,Ilyushin Il-18D,"near Chongqing, China",APR [236],CKG,c. 32 km (17 NM),18-01-1988
108,5,103,0,,COM,Alitalia Flight 4128,McDonnell Douglas DC-9-32,"Tyrrhenian Sea, off Palermo, Italy",APR [237],PMO,3 km (1.6 NM),23-12-1978
108,8,100,0,†,COM,Aeroflot Flight 3932,Tupolev Tu-104,"Sverdlovsk, Russian SFSR, USSR",ICL [238],SVX,10 km (5.4 NM),30-09-1973
108,4,104,0,,COM,Invicta International Airlines Flight 435,Vickers 952 Vanguard,"Hochwald, Switzerland",APR [239],BSL,15 km (8.1 NM),10-04-1973
108,8,100,0,,EXS,Libyan Arab Airlines Flight 114,Boeing 727-224,"Western Sinai Peninsula, Egypt",ENR [240],,,21-02-1973
107,11,96,0,†,COM,Pan Am Flight 812,Boeing 707-321B,"area of Negara, Bali, Indonesia",APR [241],DPS,68 km (37 NM),22-04-1974
107,8,99,0,†,COM,Aeroflot Flight 2230,Ilyushin Il-18V,"Aramil, Russian SFSR, USSR",ICL [242],SVX,2.9 km (1.6 NM),16-11-1967
107,11,96,0,†[e],COM,Flying Tiger Line Flight 739,Lockheed L-1049H Super Constellation,Pacific Ocean,ENR [243],,,16-03-1962
106,10,84,12,†,MIL,Iranian Air Force (5-8519),Lockheed C-130E Hercules,"Tehran, Iran",APR [244],THR,c. 5.5 km (3.0 NM),06-12-2005
106,7,99,0,†,COM,Royal Air Maroc (OO-SRD),Sud Aviation SE-210 Caravelle VIN,"Mount Mellalyene, Tétouan, Morocco",ENR [245],,,22-12-1973
105,8,97,0,†,COM,Kam Air Flight 904,Boeing 737-242,"Chaperi Ghar Mountain, Pamir Mountains, Afghanistan",ENR [246],,,03-02-2005
104,5,99,0,†,COM,Cebu Pacific Air Flight 387,McDonnell Douglas DC-9-32,"Mount Sumagaya, Misamis Oriental, Philippines",ENR [247],,,02-02-1998
104,7,97,0,†,COM,SilkAir Flight 185,Boeing 737-36N,"Musi River, Indonesia",ENR [248][249],,,19-12-1997
104,6,98,0,†,COM,Iberia Flight 602,Sud Aviation SE 210 Caravelle,"Ibiza, Spain",APR [250],IBZ,c. 15 km (8.1 NM),07-01-1972
104,6,11,87,†,COM,Middle East Airlines Flight 265 and Turkish Air Force (CBK-28),Vickers Viscount 754D and Douglas C-47,"Ankara, Turkey",APR/ENR [251],ESB,c. 20 km (11 NM),01-02-1963
103,11,92,0,1*,COM,Afriqiyah Airways Flight 771,Airbus A330-202,"Tripoli, Libya",APR [252],TIP,c. 0.9 km (0.49 NM),12-05-2010
103,7,66,30,,COM,EAS Airlines Flight 4226,BAC One-Eleven 500,"Kano, Nigeria",ENR [253],,,04-05-2002
103,7,96,0,†,MIL,Iranian Air Force C-130 crash,Lockheed C-130 Hercules,"near Zahedan, Iran",APR [254],,,02-11-1986
102,6,96,0,†,COM,Adam Air Flight 574,Boeing 737-4Q8,"Makassar Strait, Indonesia",ENR [255][256],,,01-01-2007
102,6,96,0,1*,COM,Air Algérie Flight 6289,Boeing 737-2T4,"Tamanrasset, Algeria",ICL [257],TMR,1.6 km (0.86 NM),06-03-2003
102,5,97,0,†,COM,Dominicana de Aviación DC-9 (HI-177),McDonnell Douglas DC-9-32,"Caribbean, off Santo Domingo, Dominican Republic",ICL [258],SDQ,3 km (1.6 NM),15-02-1970
102,9,93,0,†,COM,Aeroflot Flight 558,Ilyushin Il-18V,"near Spassky, Verkhneuralsky District, Russian SFSR, USSR",ENR [259],,,31-08-1972
101,11,90,0,,COM,Thai Airways International Flight 261,Airbus A310-200,"Surat Thani, Thailand",APR [260],URT,c. 4 km (2.2 NM),11-12-1998
101,5,96,0,,COM,Eastern Air Lines Flight 401,Lockheed L-1011-385-1 TriStar 1,"Everglades, near Tamiami, Florida, U.S.",APR [261][262],MIA,33.6 km (18.1 NM),29-12-1972
101,7,92,2,1*,COM,LANSA Flight 502,Lockheed L-188 Electra,"Cusco, Peru",ICL [263],CUZ,c. 4 km (2.2 NM),09-08-1970
101,6,95,0,†,COM,Northwest Orient Airlines Flight 293,Douglas DC-7CF,"Pacific Ocean, area of Annette Island, Alaska, U.S.",ENR [264][265],,,03-06-1963
100,7,93,0,†,INH,Malaysian Airline System Flight 653,Boeing 737-2H6,"near Tanjung Kupang, Malaysia",ENR [266],,,04-12-1977
100,7,93,0,,COM,United Arab Airlines (SU-APC),Ilyushin Il-18D,"Aswan, Egypt",LDG [267],ASW,,20-03-1969
99,[v],[w],2,,MIL,Indonesian Air Force (A-1325),Lockheed C-130H Hercules,"near Madiun, Indonesia",APR [268],MDN,9 km (4.9 NM),20-05-2009
99,6,90,3,†,COM,TAM Transportes Aéreos Regionais Flight 402,Fokker 100,"São Paulo, Brazil",ICL [269][270],CGH,1.5 km (0.81 NM),31-10-1996
99,4,95,0,,COM,Aeroflot Flight 3603,Tupolev Tu-154B-2,"near Norilsk, Russian SFSR, USSR",APR [271],NSK,0.47 km (0.25 NM),16-11-1981
99,8,91,0,†,COM,KLM Flight 607E,Lockheed L-1049,"Atlantic Ocean, area of Shannon, Ireland",ENR [272],,,14-08-1958
98,8,89,1,,COM,Pakistan International Airlines Flight 8303,Airbus A320-214,"Karachi, Pakistan",APR [273],KHI,3.0 km (1.6 NM),22-05-2020
98,8,90,0,†,COM,Khabarovsk United Air Group Flight 3949,Tupolev Tu-154B,"area of Grossevichi, Khabarovsk Krai, Russia",ENR [274],,,06-12-1995
98,6,92,0,,MIL,Royal Saudi Air Force (469),Lockheed C-130H Hercules,"near Khafji, Saudi Arabia",APR [275],OERM,unknown,21-03-1991
98,6,92,0,†,MIL,Indian Air Force Flight 203,Antonov An-12BP,"Rohtang Pass, India",ENR [276],,,07-02-1968
98,6,92,0,,COM,Britannia Airways Flight 105,Bristol 175 Britannia 102,"Komenda, SR Slovenia, Yugoslavia",APR [277],LJU,3 km (1.6 NM),01-09-1966
97,10,87,0,,COM,Pan Am Flight 806,Boeing 707-321B,"Pago Pago, American Samoa",APR [278],PPG,1.2 km (0.65 NM),30-01-1974
97,4,93,0,,COM,Aeroflot Flight 1912,Tupolev Tu-104B,"Irkutsk, Russian SFSR, USSR",APR [279],IKT,0.15 km (0.081 NM),25-07-1971
97,17,80,0,†,COM,Varig Flight 810,Boeing 707-441,"La Cruz peak, San Juan de Miraflores, Peru",APR [280],LIM,c. 25 km (13 NM),27-11-1962
96,8,88,0,†,MIL,Polish Air Force (101),Tupolev Tu-154M,"Smolensk, Russia",APR [281][282],***,c. 1 km (0.54 NM),10-04-2010
96,4,92,0,,COM,ADC Airlines Flight 053,Boeing 737-2B7,"Abuja, Nigeria",ICL [283],ABV,c. 0.5 km (0.27 NM),29-10-2006
95,6,89,0,†,COM,Indian Airlines Flight 171,Sud Aviation SE-210 Caravelle VIN,"Mumbai, India",APR [284],BOM,0.35 km (0.19 NM),12-10-1976
95,6,89,0,†,EXG,Air France Flight 1611,Sud Aviation SE-210 Caravelle III,"Mediterranean, near Nice, France",ENR [285],,,11-09-1968
95,8,87,0,†,COM,American Airlines Flight 1,Boeing 707-123B,"Jamaica Bay, New York, U.S.",ICL [286][287],IDL,c. 6 km (3.2 NM),01-03-1962
94,7,87,0,†,COM,TAME Flight 120,Boeing 727-134,"Cumbal Volcano, Colombia",APR [288],TUA,c. 21 km (11 NM),28-01-2002
94,12,82,0,†,COM,Aeroflot Flight 8381 and Soviet Air Force (SSSR-26492),Tupolev Tu-134 and Antonov An-26,"Zolochiv, Ukrainian SSR, USSR",APR/ENR [289][290],LWO,68 km (37 NM),03-05-1985
94,9,85,0,†,COM,Alitalia Flight 771,McDonnell Douglas DC-8-43,"Junnar, India",ENR [291],,,07-07-1962
93,6,87,0,†,COM,Aerovias Guatemala Caravelle (HC-BAE),Sud Aviation SE-210 Caravelle III,"Flores, Guatemala",APR [292][293],FRS,8 km (4.3 NM),18-01-1986
93,6,87,0,,COM,Iberia Flight 350 and  Aviaco Flight 134,Boeing 727 and McDonnell Douglas DC-9,"Madrid, Spain",TOF/TXI [294][295],MAD,,07-12-1983
92,8,84,0,†,MIL,Russian Air Force (RA-85572),Tupolev Tu-154,"Black Sea, off Adler, Russia",ENR [296],,,25-12-2016
92,4,88,0,,COM,Indian Airlines Flight 605,Airbus A320-231,"Bangalore, India",APR [297],VOBG,0.7 km (0.38 NM),14-02-1990
92,7,85,0,†,COM,Trans World Airlines Flight 514,Boeing 727-231,"Mount Weather, Virginia, U.S.",APR [298],DCA,40 km (22 NM),01-12-1974
92,7,85,0,,COM,Aeroflot Flight U-45,Ilyushin Il-18V,"Bulungur District, Uzbek SSR, USSR",ENR [299],,,06-02-1970
91,5,86,0,†,MIL,Sudanese Air Force,Lockheed C-130H Hercules,"Jabal Awliya, Sudan",ENR [300],,,26-02-1996
91,3,0,88,†,COM,Lloyd Aéreo Boliviano (N730JP),Boeing 707-131F,"Santa Cruz, Bolivia",ICL [301],SRZ,0.6 km (0.32 NM),13-10-1976
91,6,85,0,1*,COM,LANSA Flight 508,Lockheed L-188 Electra,"Puerto Inca, Peru",ENR [302],,,24-12-1971
90,8,82,0,†,COM,Ethiopian Airlines Flight 409,Boeing 737-8AS,"Mediterranean, off Na'ameh, Lebanon",ICL [303],BEY,11 km (5.9 NM),25-01-2010
90,5,85,0,,COM,One-Two-GO Airlines Flight 269,McDonnell Douglas MD-82,"Phuket, Thailand",LDG [304],HKT,,16-09-2007
90,7,83,0,†,COM,Aeroflot Flight 5463,Tupolev Tu-134A,"near Almaty, Kazakh SSR, USSR",APR [305],ALA,36 km (19 NM),30-08-1983
90,8,82,0,†,COM,Aeroflot Flight 411,Ilyushin Il-62M,"Mendeleyevo, Russian SFSR, USSR",ICL [306],SVO,11.4 km (6.2 NM),06-07-1982
90,8,82,0,†,COM,Aeroflot Flight 3843,Tupolev Tu-104A,"Almaty, Kazakh SSR, USSR",APR [307],ALA,3.5 km (1.9 NM),13-01-1977
90,10,76,4,,COM,Japan Air Lines Flight 471,Douglas DC-8-53,"near New Delhi, India",APR [308],DEL,c. 20 km (11 NM),14-06-1972
90,5,85,0,†,COM,Olympic Airways Flight 954,Douglas DC-6,"Keratea, Greece",APR [309],***,c. 23 km (12 NM),08-12-1969
89,8,81,0,†,MIL,Royal Saudi Air Force (453),Lockheed C-130E Hercules,"Medina, Saudi Arabia",ICL [310],MED,c. 1 km (0.54 NM),14-09-1980
89,6,83,0,†,COM,Delta Air Lines Flight 723,McDonnell Douglas DC-9-31,"Boston, Massachusetts, U.S.",APR [311][312],BOS,1 km (0.54 NM),31-07-1973
88,6,82,0,†,COM,Aeroflot Flight 821,Boeing 737-505,"Perm, Russia",APR [313],PEE,11.5 km (6.2 NM),14-09-2008
88,5,83,0,†,COM,Alaska Airlines Flight 261,McDonnell Douglas MD-83,"Pacific Ocean, off Anacapa Island, California, U.S.",ENR [314][315],,,31-01-2000
88,8,80,0,†,MIL,Iranian Air Force,Lockheed C-130 Hercules,"near Mashhad, Iran",ENR [316][317],,,13-03-1997
88,9,79,0,†,INB,Trans World Airlines Flight 841,Boeing 707-331B,"Mediterranean, area of Cephalonia, Greece",ENR [318],,,08-09-1974
88,5,83,0,†,COM,Air Ferry DC-4 G-APYK,Douglas C-54 Skymaster,"Mont Canigou, France",ENR [319],,,03-06-1967
87,5,82,0,,COM,Air Inter Flight 5148,Airbus A320-111,"Barr, France",APR [320],SXB,19.5 km (10.5 NM),20-01-1992
87,10,77,0,†,COM,LOT Polish Airlines Flight 007,Ilyushin Il-62,"Warsaw, Poland",APR [321],WAW,0.86 km (0.46 NM),14-03-1980
87,11,76,0,†,COM,Nigeria Airways Flight 925,Vickers VC10,"Lagos, Nigeria",APR [322],LOS,13 km (7.0 NM),20-11-1969
87,7,80,0,†,COM,LAN Chile Flight 107,Douglas DC-6,"San José Volcano, Chile",ENR [323],,,06-02-1965
87,9,78,0,,COM,Aeroflot Flight 721,Ilyushin Il-18V,"near Yuzhno Sakhalinsk, Russian SFSR, USSR",APR [324],UUS,26 km (14 NM),02-09-1964
87,5,82,0,‡,MIL,US Air Force (50-0100),Douglas C-124A Globemaster II,"Moses Lake, Washington, U.S.",ICL [325],LRN,4 km (2.2 NM),20-12-1952
86,6,79,1,†,COM,Aviaco Flight 118,Sud Aviation SE 210 Caravelle 10R,"A Coruña, Spain",APR [326],LCG,11 km (5.9 NM),13-08-1973
86,7,79,0,†,COM,Aeroflot Flight 03,Tupolev Tu-104A,"near Yelabuga, Tatar ASSR, Russian SFSR, USSR",ENR [327],,,03-09-1962
85,6,79,0,1*,COM,Tajikistan Airlines Flight 3183,Tupolev Tu-154B-1,"Sharjah, United Arab Emirates",APR [328],SHJ,13 km (7.0 NM),15-12-1997
85,5,80,0,†,COM,Braniff International Airways Flight 352,Lockheed L-188A Electra,"Dawson, Texas, U.S.",ENR [329][330],,,03-05-1968
85,4,81,0,†,MIL,US Air Force C-123 (56-4376),Fairchild C-123B-18-FA Provider,"near Tuy Hòa, Vietnam",ENR [331],,,11-12-1965
85,4,81,0,†,COM,Paradise Airlines Flight 901A,Lockheed L-049 Constellation,"Genoa, Nevada, U.S.",ENR [332],,,01-03-1964
84,7,77,0,†,COM,Aeroflot Flight 2808,Tupolev Tu-134A,"Andreevo, Ivanovo Oblast, Russia",APR [333],IWA,3 km (1.6 NM),27-08-1992
84,0,84,0,,MIL,Fuerza Aérea Sandinista (265),Mil Mi-8TV,"near San Andres de Bocay, Nicaragua",UNK [334][335],,,09-12-1982
84,12,72,0,†,MIL,US Air Force (60-0373),Boeing C-135 Stratolifter,"Santiago Canyon, California, U.S.",ENR [336],,,25-06-1965
84,5,79,0,†,COM,Eastern Air Lines Flight 663,Douglas DC-7B,"Atlantic Ocean, off Jones Beach, New York, U.S.",ENR [337][338],,,08-02-1965
84,8,76,0,†,EXG,Aeroflot Flight 902,Tupolev Tu-104A,"near Voznesenka, Krasnoyarsk Krai, Russian SFSR, USSR",ENR [339],,,30-06-1962
83,4,79,0,,COM,Singapore Airlines Flight 006,Boeing 747-412,"Dayuan District, Taiwan",TOF [340],TPE,,31-10-2000
83,11,72,0,†,MIL,Russian Air Force (RA-74295),Ilyushin Il-18D,"Zundagi, Adjara, Georgia",APR [341],BUS,18 km (9.7 NM),25-10-2000
83,4,79,0,,COM,Palair Macedonian Airlines Flight 301,Fokker 100,"Petrovec, Republic of Macedonia",ICL [342],SKP,0.38 km (0.21 NM),05-03-1993
83,5,78,0,†,MIL,Afghanistan Air Force,Antonov An-12,"near Shindand, Afghanistan",ICL [343],OAH,,10-08-1990
83,9,74,0,†,COM,Thai Airways Flight 365,Boeing 737-2P5,"Phuket, Thailand",APR [344],HKT,15 km (8.1 NM),31-08-1987
83,5,78,0,†,COM,Allegheny Airlines Flight 853 and Private aircraft (N7374J),McDonnell Douglas DC-9-30 and Piper PA-28 Cherokee,"Fairland, Indiana, U.S.",ENR [345][346],,,09-09-1969
83,9,74,0,1*,COM,Aeroflot Flight 15,Ilyushin Il-18D,"Parchum, Chunsky District, Russian SFSR, USSR",ENR [347],,,29-02-1968
83,5,78,0,,COM,American Flyers Airline Flight 280/D,Lockheed L-188 Electra,"Ardmore, Oklahoma, U.S.",APR [348],ADM,2.4 km (1.3 NM),22-04-1966
83,8,75,0,†,COM,British Eagle International Airlines Flight 802/6,Bristol 175 Britannia 312,"Glungezer mountain, Austria",ENR [349],,,29-02-1964
83,6,77,0,†,COM,President Airlines (N90773),Douglas DC-6B,"Shannon, Ireland",ICL [350],SNN,1.5 km (0.81 NM),10-09-1961
82,5,77,0,,COM,Tajikistan Airlines (87995),Yakovlev Yak-40,"Khorog, Tajikistan",TOF [351],UTOD,0.2 km (0.11 NM),28-08-1993
82,7,60,15,†,COM,Aeroméxico Flight 498 and Private aircraft (N4891F),McDonnell Douglas DC-9-32 and Piper PA-28-181 Archer,"Cerritos, California, U.S.",APR [352][353],LAX,c. 33 km (18 NM),31-08-1986
82,8,74,0,†,INB,Aeroflot Flight 109,Tupolev Tu-104B,"Area of Chita, Russian SFSR, USSR",ENR [354],,,19-05-1973
82,6,76,0,†,COM,Piedmont Airlines Flight 22 and Private aircraft (N31215S),Boeing 727-22 and Cessna 310,"Hendersonville, North Carolina, U.S.",ENR [355],,,19-07-1967
82,8,74,0,†,COM,TABSO Flight 101,Ilyushin Il-18B,"Bratislava, Czechoslovakia",ENR [356],,,24-11-1966
81,4,77,0,†,EXS,Itavia Flight 870[357][358] [x],McDonnell Douglas DC-9-15,"Tyrrhenian Sea, near Ustica, Italy",ENR,,,27-06-1980
81,15,66,0,†,INB,Middle East Airlines Flight 438,Boeing 720-023B,"As Sufayri, Hafar al-Batin, Saudi Arabia",ENR [360],,,01-01-1976
81,10,71,0,†,INB,Cathay Pacific Airways Flight 700Z,Convair 880-22M-21,"area of Pleiku, Vietnam",ENR [361],,,15-06-1972
81,8,73,0,†,COM,Pan Am Flight 214,Boeing 707-121,"Elkton, Maryland, U.S.",APR [362][363],PHL,55 km (30 NM),08-12-1963
81,7,74,0,†,COM,Aeroflot Flight 415,Antonov An-10A,"Kholodnaya Rechka, Gagra District, Abkhaz ASSR, Georgian SSR, USSR",APR [364],AER,21 km (11 NM),28-07-1962
80,9,71,0,†,MIL,Moroccan Air Force (CAN-OQ),Lockheed C-130 Hercules,"Goulimime, Morocco",APR [365],GLN,10 km (5.4 NM),26-07-2011
80,14,56,10,,COM,Cubana de Aviación Flight 389,Tupolev Tu-154M,"Quito, Ecuador",TOF [366],UIO,,29-08-1998
80,4,76,0,,COM,Air Mauritanie Flight 625,Fokker F28 Fellowship 4000,"Tidjikja, Mauritania",LDG [367],TIY,,01-07-1994
80,4,76,0,†,COM,Fuerza Aérea Colombiana (FAC-902),Douglas DC-6B,"near Leticia, Colombia",ENR [368],,,24-07-1985
80,[y],[z],20,†,MIL,Iranian Air Force (5-8552),Lockheed C-130H Hercules,"Kahrizak, Iran",ENR [369],,,29-09-1981
80,7,73,0,†,COM,Union de Transportes Aériens (F-BHMS),Douglas DC-6B,"Mount Alcazaba, Spain",ENR [370],,,02-10-1964
80,5,74,1,,MIL,US Air Force (61-0332),Boeing C-135B,"Angeles City, Philippines",APR [371],CRK,<0.1 km (0.054 NM),11-05-1964
80,6,74,0,†,COM,Swissair Flight 306,Sud Aviation SE-210 Caravelle III,"Dürrenäsch, Switzerland",ENR [372],,,04-09-1963
80,7,73,0,,COM,World Airways Flight 830,Douglas DC-6A,"Mount Barrigada, near Barrigada, Guam, U.S.",ENR [373],,,19-09-1960
80,9,71,0,†,COM,Aeroflot (CCCP-42362),Tupolev Tu-104A,"Vurnarsky District, Chuvash ASSR, Russian SFSR, USSR",ENR [374],,,17-10-1958
80,5,75,0,‡,COM,Fairflight (G-AKBY),Avro 689 Tudor V,"Sigingstone, Wales, UK",APR [375],***,0.76 km (0.41 NM),12-03-1950
79,3,72,4,,COM,Korean Air Flight 803,McDonnell Douglas DC-10-30,"Tripoli, Libya",APR [86][376],TIP,c. 2 km (1.1 NM),27-07-1989
79,7,72,0,†,COM,Aeroflot Flight 630,Ilyushin Il-18V,"near Khujand, Tajik SSR, USSR",ENR [377],,,24-02-1973
79,6,73,0,†,MIL,US Air Force (55-4574),Fairchild C-123K,"Khánh Phu, Khánh Hòa Province, Vietnam",ENR [378],,,27-11-1970
79,7,72,0,†,COM,Mexicana de Aviación Flight 704,Boeing 727-64,"El Carmen, Mexico",ENR [379],,,04-06-1969
79,6,73,0,†,COM,Maritime Central Airways Flight 315,Douglas DC-4,"Issoudun, Quebec, Canada",ENR [380],,,05-03-1945
79,6,73,0,1*,MIL,Luftwaffe,Dornier Do 24,"Lake Resko, Poland",TOF [381],,,05-03-1945
78,12,66,0,†,EXG,Siberia Airlines Flight 1812,Tupolev Tu-154M,"Black Sea, area of Ünye, Turkey",ENR [382],,,04-10-2001
78,4,70,4,,COM,Air Florida Flight 90,Boeing 737-222,"Washington, D.C., United States",ICL [383][384],DCA,1.4 km (0.76 NM),13-01-1982
78,7,70,1,†,MIL,Indian Air Force,Antonov An-12,"Leh, India",APR [385],IXL,0.5 km (0.27 NM),19-11-1978
78,3,75,0,,COM,Wenela Air Services (A2-ZER),Douglas DC-4,"Francistown, Botswana",APR [386],FRW,3.6 km (1.9 NM),04-04-1974
78,10,68,0,1*,COM,Pan Am Flight 816,Boeing 707-321B,"Pacific Ocean, off Papeete, Tahiti, French Polynesia",ENR [387][388],,,22-07-1973
78,3,75,0,,COM,Aviogenex Flight 130,Tupolev Tu-134A,"Omišalj, SR Croatia, Yugoslavia",LDG [389],RJK,,23-05-1971
78,5,73,0,†,COM,Trans World Airlines Flight 529,Lockheed L-049 Constellation,"Hinsdale, Illinois, U.S.",ENR [390][391],,,01-09-1961
78,9,69,0,†,INB,Air France Flight 406,Lockheed L-1649A Starliner,"near Zarzaitine, Algeria",ENR [392],,,10-05-1961
77,4,72,0,1*,MIL,Algerian Air Force C-130,Lockheed C-130 Hercules,"Aïn Kercha, Oum El Bouaghi Province, Algeria",ENR [393],,,11-02-2014
77,8,69,0,,COM,Iran Air Flight 277,Boeing 727-286Adv,"Urmia, Iran",APR [394],OMH,8 km (4.3 NM),09-01-2011
77,0,0,77,,MIL,Sknyliv air show disaster,Sukhoi Su-27,"Lviv, Ukraine",MNV [395],LWO,,27-07-2002
77,9,68,0,1*,MIL,Soviet Air Force (CCCP-86732),Ilyushin IL-76M,"Gyumri, Armenia",APR [396],LWN,15 km (8.1 NM),11-12-1988
77,1,76,0,,COM,Aeroflot Flight 5003,Ilyushin Il-18V,"near Mineralnye Vody, Russian SFSR, USSR",APR [397],MRV,<5 km (2.7 NM),15-02-1977
77,3,74,0,,COM,Imperial Airlines Flight 201/8,Lockheed L-049 Constellation,"Richmond, Virginia, U.S.",APR [398][399],RIC,1.5 km (0.81 NM),08-11-1961
77,6,71,0,†,COM,Air France Flight 2005,Sud Aviation SE-210 Caravelle III,"Rabat, Morocco",APR [400],RBA,9 km (4.9 NM),12-09-1961
76,5,71,0,†,MIL,Afghanistan Air Force,Antonov An-32,"Tashkurgan, Afghanistan",ENR [401][402],,,27-04-1993
76,6,70,0,,COM,Československé Státní Aerolinie Flight 001,Ilyushin Il-18B,"Bratislava, Czechoslovakia",APR [403],BTS,1.5 km (0.81 NM),28-07-1976
76,5,69,2,1*,MIL,Air Vietnam C-54D (XV-NUG) and US Air Force,Douglas C-54D-10-DC Skymaster and F-4 Phantom II,"Da Nang, Vietnam",APR [404],DAD,3 km (1.6 NM),20-09-1969
75,13,62,0,†,COM,Ukrainian-Mediterranean Airlines Flight 4230,Yakovlev Yak-42,"Maçka, Trabzon, Turkey",APR [405],TZX,c. 23 km (12 NM),26-05-2003
75,5,70,0,,COM,Turkish Airlines Flight 634,Avro RJ100,"Diyarbakır, Turkey",APR [406],DIY,0.9 km (0.49 NM),08-01-2003
75,6,69,0,,COM,Peruvian Air Force (FAP-351),Boeing 737-282,"Andoas, Peru",ENR [407],,,05-05-1998
75,5,70,0,†,MIL,Sri Lanka Air Force (CR861),Antonov An-32B,"Laccadive Sea, off Colombo, Sri Lanka",ENR [408],,,12-09-1995
75,12,63,0,†,COM,Aeroflot Flight 593,Airbus A310-304,"near Mezhdurechensk, Russia",ENR [409],,,23-03-1994
76,3,73,0,,COM,Vietnam Airlines Flight 831,Tupolev Tu-134,"Lam Luk Ka District, Thailand",APR [410],DMK,6 km (3.2 NM),09-09-1988
75,4,71,0,,COM,Inex-Adria Aviopromet Flight 450,McDonnell Douglas DC-9-32,"Prague, Czechoslovakia",APR [411],PRG,8 km (4.3 NM),30-10-1975
75,6,69,0,†,COM,Avensa Flight 358,McDonnell Douglas DC-9-14,"near Maturín, Venezuela",ENR [412],,,22-12-1974
75,8,67,0,†,INH,Air Vietnam Flight 706,Boeing 727-121C,"near Phan Rang, Vietnam",ICL [413],DAD,,15-09-1974
75,4,71,0,†,COM,Southern Airways Flight 932,McDonnell Douglas DC-9-31,"Ceredo, West Virginia, U.S.",APR [414][415],HTS,1.6 km (0.86 NM),14-11-1970
74,6,68,0,†,EXG,Russian Air Force (RF-86868),Ilyushin Il-76M,"Yablonovo, Korochansky District, Belgorod Oblast, Russia",ENR [416],,,24-01-2024
74,4,70,0,,COM,Hewa Bora Airways Flight 952,Boeing 727-022,"Kisangani, DR Congo",LDG [417],FKI,<0.1 km (0.054 NM),08-07-2011
74,5,69,0,†,COM,Austral Líneas Aéreas Flight 2553,McDonnell Douglas DC-9-32,"Nuevo Berlín, near Fray Bentos, Uruguay",ENR [418],,,10-10-1997
74,5,69,0,†,COM,Lloyd Aéreo Boliviano (CP-698),Douglas DC-6B,"Mount Choquetanga, Cordillera Kimsa Cruz, Bolivia",ENR [419],,,26-09-1969
74,10,64,0,†,COM,Linea Aeropostal Venezolana Flight 253,Lockheed L-1049 Super Constellation,"New York Bight, Atlantic Ocean, area of Jones Beach, New York, U.S.",ENR [420],,,20-06-1956
73,6,67,0,†,MIL,Israeli Air Force (357) and Israeli Air Force (903),Sikorsky S-65C-3 Yas'ur 2000 (both),"She'ar Yashuv, Israel",ENR [421][422][423],,,04-02-1997
73,8,65,0,,COM,Avianca Flight 052,Boeing 707-321B,"Cove Neck, New York, U.S.",APR [424][425],JFK,c. 36 km (19 NM),25-01-1990
73,[aa],[ab],0,†,MIL,Ethiopian Air Force,Antonov An-26,"near Addis Ababa, Ethiopia",UNK [426],,,14-01-1982
73,9,63,1,,COM,Western Airlines Flight 2605,McDonnell Douglas DC-10-10,"Mexico City, Mexico",LDG [427],MEX,1.5 km (0.81 NM),31-10-1979
73,7,66,0,†,COM,Balkan Bulgarian Airlines Flight 107,Tupolev Tu-134,"Gabare, Vratsa Province, Bulgaria",ENR [428],,,16-03-1978
73,25,48,0,†,INB,Cubana de Aviación Flight 455,Douglas DC-8-43,"Atlantic Ocean, off Christ Church Parish, Barbados",ENR [429],,,06-10-1976
73,11,61,1,†,COM,Sabena Flight 548,Boeing 707-320,"Kampenhout, Belgium",APR [430],BRU,3 km (1.6 NM),15-02-1961
73,11,0,62,†,MIL,US Air Force (42-40682),Consolidated B-24 Liberator,"Port Moresby, Papua New Guinea (then Territory of Papua)",UNK[431],,,07-09-1943
73,[ac],[ad],0,‡,MIL,USS Akron,Akron-class rigid airship,"Atlantic Ocean, off Barnegat Light, New Jersey, U.S.",[432][433],,,04-04-1933
72,4,68,0,†,COM,Yeti Airlines Flight 691,ATR 72-500,"Pokhara, Nepal",APR [434],PHH,6 km (3.2 NM),15-01-2023
72,8,15,49,†,MIL,Russian Air Force (RA-82005),Antonov An-124-100,"Irkutsk, Russia",ICL [435],IKT,1.6 km (0.86 NM),06-12-1997
72,9,63,0,,COM,Aeroflot Flight 892,Tupolev Tu-134A,"Bohnsdorf, East Germany",APR [436],SXF,3.5 km (1.9 NM),12-12-1986
72,2,61,9,,COM,Southern Airways Flight 242,McDonnell Douglas DC-9-31,"New Hope, Georgia, U.S.",ENR [437][438],,,04-04-1977
72,5,67,0,†,COM,Aeroflot Flight 2415,Tupolev Tu-104B,"Dmitrovsky District, Moscow Oblast, Russian SFSR, USSR",ENR [439],,,28-11-1976
72,2,70,0,,COM,Eastern Air Lines Flight 212,McDonnell Douglas DC-9-31,"Charlotte, North Carolina, U.S.",APR [440][441],CLT,5.3 km (2.9 NM),11-09-1974
72,6,66,0,†,COM,Faucett (OB-R-148),Douglas C-54A-5-DC Skymaster,"Cordillera Blanca, Peru",ENR [442],,,08-12-1967
72,3,69,0,,COM,British Midland Airways Flight 542,Canadair C-4 Argonaut,"Stockport, England, UK",APR [443],MAN,c. 9 km (4.9 NM),04-06-1967
72,8,64,0,†,COM,Československé Státní Aerolinie Flight 511,Ilyushin Il-18V,"Bouskoura, Morocco",ENR [444],,,12-07-1961
71,6,65,0,†,COM,Saratov Airlines Flight 703,Antonov An-148,"near Stepanovskoye, Moscow Oblast, Russia",ICL [445],OSW,,11-02-2018
71,7,64,0,,COM,LaMia Flight 2933,Avro RJ85,"Medellin, Colombia",ENR [446],,,28-11-2016
71,11,60,0,†,COM,BAL Bashkirian Airlines Flight 2937 and DHL International Aviation ME Flight 611,Tupolev Tu-154M and Boeing 757-23APF,"Überlingen, Germany",ENR [447][448],,,01-07-2002
71,3,68,0,,COM,Cameroon Airlines Flight 3701,Boeing 737-200,"Douala, Cameroon",APR [449],DLA,6 km (3.2 NM),03-12-1995
71,9,43,19,†,COM,EgyptAir Flight 864,Boeing 707-366C,"Bangkok, Thailand",APR [450],DMK,2 km (1.1 NM),25-12-1976
70,8,62,0,†,COM,Aerosvit Ukrainian Airlines Flight 241,Yakovlev Yak-42,"Pierian Mountains, Greece",ENR [451],,,17-12-1997
70,9,61,0,†,COM,Aeroperú Flight 603,Boeing 757-23A,"Pacific Ocean, area of Lima, Peru",ENR [452],,,02-10-1996
70,7,63,0,†,COM,Mandala Airlines Flight 660,Vickers Viscount 816,"Mount Lalaboy, Ambon Island, Indonesia",APR [453],AMQ,15 km (8.1 NM),24-07-1992
70,3,0,67,†,MIL,Ramstein air show disaster,Aermacchi MB-339 PAN (x3),"Ramstein-Miesenbach, West Germany",MNV [454],RMS,,28-08-1988
70,4,66,0,,COM,Aeroflot Flight 6502,Tupolev Tu-134A,"Kurumoch, Samara Oblast, Russian SFSR, USSR",LDG [455],KUF,,20-10-1986
70,6,64,0,1*,COM,Galaxy Airlines Flight 203,Lockheed L-188 Electra,"Reno, Nevada, U.S.",ICL [456][457],RNO,3 km (1.6 NM),21-01-1985
70,7,63,0,†,COM,Transportes Aéreos del Cesar (HK-1810),Sud Aviation SE-210 Caravelle,"Riohacha, Colombia",ENR [458],,,21-12-1980
70,9,61,0,†,COM,Aeroflot Flight 7957 and Aeroflot Flight 31,Antonov An-24 and Yakovlev Yak-40,"Black Sea, near Anapa, Russian SFSR, USSR",ENR [459][460],,,09-09-1976
70,5,65,0,,COM,Trans World Airlines Flight 128,Convair CV-880-22-1,"Hebron, Kentucky, U.S.",APR [461][462],CVG,2.9 km (1.6 NM),20-11-1967
69,6,63,0,†,COM,Indian Airlines Flight 257,Boeing 737-2A8,"Imphal, India",APR [463],IMF,8 km (4.3 NM),16-08-1991
69,9,59,1,,COM,Aeroflot Flight 331,Ilyushin Il-62M,"Boyeros, Cuba",APR [464],HAV,1 km (0.54 NM),27-05-1977
69,7,62,0,†,COM,Merpati Nusantara Airlines Viscount (PK-MVS),Vickers Viscount 828,"Mentawai Strait, off Padang, Indonesia",ENR [465],,,10-11-1971
69,9,60,0,†[e],COM,Fuerza Aérea Argentina (TC-48),Douglas C-54 Skymaster,Central America[ae],ENR [466],,,03-11-1965
68,7,61,0,†,COM,Aero Caribbean Flight 883,ATR 72-212,"Guasimal, Cuba",ENR [467],,,04-11-2010
68,4,64,0,†,COM,Simmons Airlines Flight 4184,ATR 72-212,"near Roselawn, Indiana, U.S.",APR [468][469],ORD,108 km (58 NM),31-10-1994
68,2,66,0,,COM,Asiana Airlines Flight 733,Boeing 737-5L9,"Mokpo, South Korea",APR [470],MPK,7 km (3.8 NM),26-07-1993
68,10,58,0,†,COM,Fuerza Aérea Venezolana C-130H (7772),Lockheed C-130H Hercules,"Lajes, Azores, Portugal",APR [471],TER,<1 km (0.54 NM),03-09-1976
68,7,61,0,†,COM,Iberia Flight 504 and Spantax Flight 400,McDonnell Douglas DC-9-32 and Convair CV-990-30A-5,"La Planche, France",ENR [472][473],,,05-03-1973
68,4,64,0,†,COM,Toa Domestic Airlines Flight 63,NAMC YS-11A-217,"Yokotsu Mountain, Hakodate, Japan",ENR [474],,,03-07-1971
68,9,59,0,†,COM,Trans World Airlines Flight 891,Lockheed L-1649 Starliner,"Busto Arsizio, Italy",ENR [475][476],,,26-06-1959
67,7,60,0,†,COM,PSA Airlines Flight 5342 and United States Army (00-26860),Bombardier CRJ701ER and Sikorsky UH-60L Black Hawk,"Washington, D.C., U.S.",APR [477],DCA,,29-01-2025
67,4,63,0,†,COM,Transporte Aéreo Militar (TAM-44),Convair CV-440-12,"Cordillera Oriental, La Paz Department, Bolivia",ENR [478],,,27-10-1975
67,8,59,0,†,COM,Aeroflot Flight 25,Ilyushin Il-18,"Urakhcha, Rybno-Slobodsky District, Tatar ASSR, Russian SFSR, USSR",ENR [479],,,04-04-1963
67,7,60,0,†,COM,Aerolíneas Argentinas Flight 644,Douglas DC-6,"Cachari, Buenos Aires, Argentina",ENR [480],,,19-07-1961
67,10,57,0,†[e],MIL,US Air Force (50-0702),Boeing C-97C-35-BO,Pacific Ocean,ENR [481],,,22-03-1957
66,6,60,0,†,COM,Iran Aseman Airlines Flight 3704,ATR 72-212,"Mount Dena, Zagros Mountains near Semirom, Iran",ENR [482],,,18-02-2018
66,10,56,0,†,COM,EgyptAir Flight 804,Airbus A320-232,eastern Mediterranean Sea,ENR [483],,,19-05-2016
66,7,59,0,†,COM,Iran Aseman Airlines Flight 746,Fokker F28 Fellowship 1000,"Natanz, Iran",ENR[484],,,12-10-1994
66,4,62,0,,COM,Turkish Airlines Flight 301,Fokker F28-1000 Fellowship,"Cumaovası, Turkey",TOF [485],ADB,,26-01-1974
66,4,62,0,,COM,Aeroflot Flight 141,Tupolev Tu-154,"Prague, Czechoslovakia",APR [486],PRG,0.5 km (0.27 NM),19-02-1973
66,7,59,0,†,INB,Cyprus Airways Flight 284,de Havilland Comet 4,"Mediterranean, near Demre, Turkey",ENR [487],,,12-10-1967
66,3,63,0,†,COM,United Airlines Flight 409,Douglas DC-4,"Medicine Bow Peak, Wyoming, U.S.",ENR [488][489],,,06-10-1955
66,11,55,0,†,MIL,1955 Altensteig mid-air collision,Fairchild C-119 Flying Boxcar (x2),"near Altensteig, West Germany",MNV [490],,,11-08-1955
66,9,57,0,†,COM,United States Navy (131612),Douglas R6D-1 (DC-6),"Pali Kea Peak, Waianae Range, Oahu, Hawaii, U.S.",APR [491],HNL,24 km (13 NM),22-03-1955
65,0,65,0,,COM,Iran Aseman Airlines Flight 6895,Boeing 737-219,"Bishkek, Kyrgyzstan",APR [492],FRU,c. 2 km (1.1 NM),24-08-2008
65,3,60,2,,COM,Líneas Aéreas Privadas Argentinas Flight 3142,Boeing 737-204C,"Palermo, Argentina",TOF [493],AEP,,31-08-1999
65,6,59,0,1*,COM,Vietnam Airlines Flight 815,Tupolev Tu-134,"Phnom Penh, Cambodia",APR [494],PNH,0.3 km (0.16 NM),03-09-1997
65,7,58,0,†,COM,Aviateca Flight 901,Boeing 737-200,"San Vicente volcano, El Salvador",APR [495],SAL,24 km (13 NM),09-08-1995
65,8,57,0,†,COM,Aeroflot Flight 1969,Antonov An-10,"Lutuhyne, Ukrainian SSR, USSR",APR [496],VSG,13 km (7.0 NM),31-03-1971
65,2,63,0,,COM,American Airlines Flight 320,Lockheed L-188 Electra,"East River, New York, U.S.",APR [497][498],LGA,1.5 km (0.81 NM),03-02-1959
64,10,54,0,,COM,Canadian Pacific Air Lines Flight 402,Douglas DC-8-43,"Tokyo, Japan",APR [499],HND,0.85 km (0.46 NM),04-03-1966
64,3,61,0,,COM,Aeroflot Flight 20,Ilyushin Il-18B,"Almaty, Kazakh SSR, USSR",APR [500],ALA,0.2 km (0.11 NM),04-01-1965
64,11,53,0,†,COM,Aeroflot Flight 04,Tupolev Tu-104A,"near Chita, Russian SFSR, USSR",ENR [501],,,15-08-1958
63,5,58,0,†,COM,Elleniki Polemikí Aeroporía (748),Lockheed C-130H Hercules,"Mount Othrys, Greece",ENR [502],,,05-02-1991
63,3,60,0,,INH,Iraqi Airways Flight 163,Boeing 737-270C,"near Arar, Saudi Arabia",ENR [503],,,25-12-1986
63,5,58,0,†,COM,Aeroflot Flight 5484,Tupolev Tu-124V,"near Kirsanov, Russian SFSR, USSR",ENR [504],,,29-08-1979
63,8,55,0,†,COM,Aeroflot Flight 6551,Ilyushin Il-18,"Maksut, Zharma District, Kazakh SSR, USSR",ENR [505],,,11-05-1973
63,8,55,0,†,COM,British European Airways Flight 706,Vickers 951 Vanguard,"Aarsele, Belgium",ENR [506][507],,,02-10-1971
63,11,52,0,†,COM,Air France Flight 212 (F-BLCJ),Boeing 707-328C,"La Grande Soufrière volcano, Guadeloupe",APR [508],PTP,27.5 km (14.8 NM),05-03-1968
63,8,55,0,†,COM,United Arab Airlines Flight 869[af],de Havilland Comet 4C,"Arabian Sea, off Bombay Airport",APR [510],,10 km (6.2 mi),27-07-1963
63,8,55,0,†,COM,Air France Flight 343,Lockheed L-1049G,"Yoff, Senegal",APR [511],DKR,1.6 km (0.86 NM),29-08-1960
63,6,57,0,†,COM,Northwest Orient Airlines Flight 710,Lockheed L-188C Electra,"Cannelton, Indiana, U.S.",ENR [512][513],,,17-03-1960
62,4,58,0,†,COM,Voepass Linhas Aéreas Flight 2283,ATR 72-500,"Vinhedo, São Paulo, Brazil",ENR [514],,,09-08-2024
62,12,50,0,†,COM,Sriwijaya Air Flight 182,Boeing 737-524,"Java Sea, Indonesia",ENR [515],,,09-01-2021
62,7,55,0,†,COM,Flydubai Flight 981,Boeing 737-8KN,"Rostov-on-Don, Russia",LDG [516],ROV,,19-03-2016
62,6,56,0,†,MIL,Sri Lanka Air Force (CR862),Antonov An-32B,"Jaffna, Sri Lanka",APR [517],JAF,13 km (7.0 NM),22-11-1995
62,5,56,1,†,COM,Aeroflot Flight 2003,Tupolev Tu-124V,"Kokoshkino, Moscow Oblast, Russian SFSR, USSR",ICL [518],VKO,7 km (3.8 NM),03-01-1976
62,11,51,0,†,COM,Air France Flight 212 (F-BHSZ),Boeing 707-328B,"Caribbean, off Maiquetía, Venezuela",ENR [519][520],,,04-12-1969
62,3,59,0,,COM,Eastern Air Lines Flight 375,Lockheed L-188 Electra,"Boston, Massachusetts, U.S.",ICL [521][522],BOS,c. 1 km (0.54 NM),04-10-1960
62,3,59,0,†,COM,Trans-Canada Air Lines Flight 810-9,Canadair North Star,"Slesse Mountain, British Columbia, Canada",ENR [523],,,09-12-1956
61,11,50,0,†,COM,China Southwest Airlines Flight 4509,Tupolev Tu-154M,"Wenzhou, Zhejiang, China",APR [524],WNZ,1 km (0.54 NM),24-02-1999
61,3,58,0,†,MIL,Russian Air Force,Mil Mi-8T,"near Lata, Georgia",UNK [525][526],,,14-12-1992
61,4,57,0,†,COM,Garuda Indonesian Airways (PK-GVE),Fokker F28-1000 Fellowship,"Mount Sibayak, near Berastagi, Indonesia",ENR [527],,,11-07-1979
61,9,52,0,,COM,Japan Air Lines Flight 446,McDonnell Douglas DC-8-62,"Moscow, Russian SFSR, USSR",ICL [528],SVO,,28-11-1972
61,5,56,0,,COM,Royal Air Maroc (CN-CCV),Sud Aviation SE-210 Caravelle III,"Berrechid, Morocco",APR [529],CMN,5.5 km (3.0 NM),01-04-1970
61,4,57,0,†,COM,Aer Lingus Flight 712,Vickers Viscount 803,"St George's Channel, off Wexford, Ireland",ENR [530],,,24-03-1968
61,14,47,0,†,COM,Viasa Flight 897,Douglas DC-8-53,"Atlantic Ocean, off Fonte da Telha, Lisboa, Portugal",ENR [531],,,30-05-1961
61,11,50,0,,COM,US Navy (131582) and Real Transportes Aéreos Flight 751,Douglas R6D-1 (DC-6A) and Douglas DC-3,"Guanabara Bay, Brazil",APR [532][533],GIG,<5 km (2.7 NM),25-02-1960
61,9,52,0,,COM,Sabena (OO-SFA),Douglas DC-7C,"Casablanca, Morocco",APR [534],CAS,0.6 km (0.32 NM),18-05-1958
61,6,55,0,†,COM,Aerolíneas Argentinas Flight 670,Douglas DC-4,"near Bolívar, Argentina",ENR [535],,,08-12-1957
61,3,0,58,†,MIL,US Army Air Force (42-50291),Consolidated B-24 Liberator,"Freckleton, England, UK",APR [536],EGNO,c. 1.3 km (0.70 NM),23-08-1944
60,6,54,0,†,COM,Equatorial Express Airlines (3C-VQR),Antonov An-24B,"Baney, Equatorial Guinea",ENR [537],,,16-07-2005
60,6,49,5,,COM,Alliance Air Flight 7412,Boeing 737-2A8,"Patna, Bihar, India",APR [538],PAT,2 km (1.1 NM),17-07-2000
60,10,50,0,†,COM,TAROM Flight 371,Airbus A310-324,"Balotești, Romania",ENR [539],,,31-03-1995
60,[ag],[ah],0,†,MIL,Georgian Air Force,Mil Mi-8,"near Svaneti, Georgia",UNK [540][541],,,04-10-1993
60,3,57,0,†,EXG,Sudan Airways (ST-ADY),Fokker F27 Friendship 400M,"near Malakal, Sudan (now in South Sudan)",ENR [542],,,16-08-1986
60,2,60,0,,INH,EgyptAir Flight 648,Boeing 737-266,"Luqa, Malta",STD [543],MLA,,24-11-1985
60,10,50,0,†,COM,Malév Flight 240,Tupolev Tu-154B,"Mediterranean, off Beirut, Lebanon",APR [544],BEY,10 km (5.4 NM),30-09-1975
60,5,55,0,,COM,Air Inter Flight 696Y,Vickers Viscount 724,"Noirétable, France",ENR [545],,,27-10-1972
59,6,53,0,†,COM,Fuerza Aérea del Peru (FAP-329),de Havilland Canada DHC-5,"Tarma, Peru",ENR [546],,,21-06-1989
59,5,54,0,†,EXG,Air Rhodesia Flight 827,Vickers Viscount 748D,"near Kariba, Zimbabwe (then Rhodesia)",ENR [547],,,12-02-1979
59,0,59,0,,COM,Libyan Arab Airlines (LZ-BTN),Tupolev Tu-154,"Ar Rajma, Libya",ENR/LDG [548],,,02-12-1977
59,4,55,0,†,COM,SAETA Flight 011,Vickers Viscount 785D,"Chimborazo volcano, Ecuador",ENR [549],,,15-08-1976
59,4,55,0,,COM,Lufthansa Flight 540,Boeing 747-130,"Nairobi, Kenya",TOF [550],NBO,1.1 km (0.59 NM),20-11-1974
59,3,12,44,†,MIL,Korean Air Force,Curtiss C-46,"near Yeouido, South Korea",ENR [551],,,08-04-1967
59,2,57,0,,MIL,US Marine Corps (149802),Lockheed KC-130F Hercules,"Kowloon Bay, Hong Kong, China",TOF [552][553],HKG,,24-08-1965
59,9,50,0,†,COM,Aeroflot Flight 245,Ilyushin Il-18B,"Chebotovka, Tarasovsky District, Russian SFSR, USSR",ENR [554],,,17-12-1961
59,4,55,0,†,COM,Lloyd Aéreo Boliviano (CP-609),Douglas DC-4,"Arbieto, Bolivia",ENR [555],,,05-02-1960
59,9,50,0,†,COM,US Navy (131588),Douglas R6D-1,"Porcupine Seabight, Atlantic Ocean",ENR [556],,,10-10-1956
59,4,55,0,†,MIL,US Army Air Force (44-78591),Curtiss C-46F-1-CU,"Fangshan, Fangshan District, China",APR [557],NAY,25 km (13 NM),12-10-1945
58,6,52,0,†,MIL,Yemen Air Force,Antonov An-12,"Sirwah, Yemen",ENR [558],,,14-07-1992
58,3,55,0,,COM,Aeroflot Flight 7841,Tupolev Tu-134AK,"Minsk, Byelorussian SSR, USSR",ICL [559],MSQ,10 km (5.4 NM),01-02-1985
58,1,57,0,,COM,Aeroflot Flight 1691,Tupolev Tu-104B,"Moscow, Russian SFSR, USSR",ENR [560],,,17-03-1979
58,5,53,0,†,INB,Air Vietnam (XV-NUI),Douglas C-54D-15-DC Skymaster,"Buôn Ma Thuột, Vietnam",APR [561],BMV,6.5 km (3.5 NM),19-03-1973
58,2,55,1,†,COM,Pan African Airlines (N90427),Douglas C-54B-1-DC Skymaster,"Agwa, Rivers State, Nigeria",APR [562],PHC,1.5 km (0.81 NM),28-09-1968
58,5,53,0,,COM,American Airlines Flight 383,Boeing 727-23,"Hebron, Kentucky, U.S.",APR [563][564],CVG,3 km (1.6 NM),08-11-1965
58,7,51,0,†,COM,Eastern Air Lines Flight 304,Douglas DC-8,"Lake Pontchartrain, Louisiana, U.S.",ENR [565][566],,,25-02-1964
58,9,49,0,,COM,KLM Flight 844,Lockheed 1049E,"Biak Island, Indonesia",ENR [567],,,16-07-1957
58,7,51,0,†,EXS,El Al Israel Airlines Flight 402/26,Lockheed L-149 Constellation,"near Petrich, Bulgaria",ENR [568],,,27-07-1955
58,8,50,0,†,COM,Transocean Air Lines Flight 512,Douglas DC-6,Pacific Ocean,ENR [569],,,12-07-1953
58,7,51,0,†,COM,Curtiss Reid Flying Services (CF-EDN),Douglas C-54B-1-DC,"Grande Tête de l'Obiou mountain, France",ENR [570],,,13-11-1950
58,3,55,0,†[e],COM,Northwest Orient Airlines Flight 2501,Douglas DC-4,"Lake Michigan, off Benton Harbor, Michigan, U.S.",ENR [571][572],,,23-06-1950
58,5,0,53,†,COM,1938 Japan mid-air collision,Fokker Super Universal and Mitsubishi Ki1,"Tokyo, Japan",ENR [573][574],,,24-08-1938
57,7,50,0,†,COM,Atlasjet Flight 4203,McDonnell Douglas MD-83,"Keçiborlu, Turkey",APR [575],ISE,12 km (6.5 NM),30-11-2007
57,5,52,0,†,COM,ASA Pesada An-26 (D2-FCG),Antonov An-26,"Luanda, Angola",ENR [576],,,15-11-2000
57,5,52,0,,COM,Turkish Airlines Flight 278,Boeing 737-4Y0,"Van, Turkey",APR [577],VAN,4 km (2.2 NM),29-12-1994
57,7,50,0,†,MIL,Soviet Air Force Il-76MD (CCCP-76569),Ilyushin Il-76MD,"Caspian Sea off Sumqayit, Azerbaijan SSR, USSR",ENR [578],,,18-10-1989
57,5,52,0,†,COM,SAETA Viscount (HC-AVP),Vickers Viscount 785D,"Pastaza Province, Ecuador",ENR [579],,,23-04-1979
57,4,53,0,†,COM,Aeroflot Flight 2174,Antonov An-24B,"Atamanovka, Saratov Oblast, Russian SFSR, USSR",APR [580],RTW,13 km (7.0 NM),01-12-1971
57,5,52,0,†,COM,Civil Air Transport Flight 106,Curtiss C-46D-10-CU,"Jiaoxi, Taiwan",ICL [581],RMQ,c. 8.5 km (4.6 NM),20-06-1964
56,2,54,0,,COM,Martinair Flight 495,McDonnell Douglas DC-10-30CF,"Faro, Portugal",LDG [582],FAO,,21-12-1992
56,2,54,0,,COM,Aeroflot Flight A-13,Antonov An-24B,"Neftyanyye Kamni, Azerbaijan",ENR [583],,,18-08-1973
56,1,50,5,,COM,Varig Flight 837,Douglas DC-8-33,"Monrovia, Liberia",APR [584],ROB,1.9 km (1.0 NM),05-03-1967
56,4,52,0,,COM,Avianca Flight 03,Douglas C-54,"Cartagena Bay, off Cartagena, Colombia",ICL [585],CTG,1.3 km (0.70 NM),15-01-1966
56,4,52,0,†,COM,Miami Airlines (N1678M),Curtiss C-46F-1-CU,"Hillside, New Jersey, U.S.",ENR [586],,,16-12-1951
55,6,47,2,†,COM,China Eastern Airlines Flight 5210,Bombardier CRJ-200LR,"Baotou, Inner Mongolia, China",ICL [587],BAV,2 km (1.1 NM),21-11-2004
55,7,48,0,†,EXG,Lionair Flight 602,Antonov An-24,"Palk Strait, off Mannar, Sri Lanka",ENR [588],,,29-09-1998
55,1,54,0,,COM,China Northwest Airlines Flight 2119,British Aerospace 146,"Yinchuan, China",TOF [589],INC,,23-07-1993
55,2,53,0,,COM,Indian Airlines Flight 491,Boeing 737-2A8,"Aurangabad, India",TOF [590],IXU,1.9 km (1.0 NM),26-04-1993
55,5,50,0,†,COM,Partnair Flight 394,Convair CV-580,"Skagerrak, near Hirtshals, Denmark",ENR [591],,,08-09-1989
55,2,53,0,,COM,British Airtours Flight 328,Boeing 737-236,"Manchester, England, UK",TOF [592],MAN,,22-08-1985
55,8,47,0,,COM,Transbrasil Flight 303,Boeing 727-27C,"Morro da Virgínia, Santa Catarina, Brazil",APR [593],FLN,24 km (13 NM),12-04-1980
55,4,51,0,†,COM,Aeroflot Flight H-826,Antonov An-24B,"Preobrazhenka, Dnipropetrovsk Oblast, Ukrainian SSR, USSR",ENR [594],,,03-08-1969
55,7,48,0,†,COM,Air Afrique (F-BIAO),Douglas DC-6B,"Mount Cameroon, Cameroon",ENR [595],,,03-05-1963
55,7,48,0,†,COM,Trans World Airlines Flight 903,Lockheed L-749A,"Wadi Natrun, Egypt",ENR [596][597],,,31-08-1950
55,4,51,0,1*,COM,Eastern Air Lines Flight 537 and Bolivian Air Force (NX26927),Douglas DC-4 and Lockheed P-38 Lightning,"Alexandria, Virginia, U.S.",APR [598][599],DCA,0.8 km (0.43 NM),01-11-1949
54,5,49,0,†,COM,Trigana Air Flight 267,ATR 42-300,"Mount Tangok, Pegunungan Bintang Regency, Papua, Indonesia",ENR [600],,,16-08-2015
54,7,47,0,†,COM,China Airlines Flight 204,Boeing 737-209,"Chiashan Mountains, Hualien City, Taiwan",ENR [601],,,26-10-1989
54,5,49,0,†[e],COM,Pakistan International Airlines Flight 404,Fokker F27 Friendship 200,"Bunji, Pakistan",ENR [602],,,25-08-1989
54,[ai],[aj],0,†,MIL,Ethiopian Air Force,Antonov An-12,"near Asmara, Eritrea",UNK [603],,,13-01-1987
54,2,52,0,,COM,Aeroflot Flight 2306,Tupolev Tu-134AK,"near Kopsa, Komi ASSR, Russian SFSR, USSR",ENR [604],,,02-07-1986
54,10,44,0,†,MIL,Israeli Air Force (960),Sikorsky CH-53 Sea Stallion,Jordan Valley,UNK [605][606],,,10-05-1977
54,4,50,0,†,COM,Alia Royal Jordanian Airlines Herald (JY-ACQ),Handley Page HPR-7 Herald 207,"Al-Dimas, Syria",ENR [607],,,10-04-1965
54,5,49,0,†,COM,Real Transportes Aéreos Flight 435,Convair CV-340-62,"Guanabara Bay, Brazil",APR [608],GIG,c. 3 km (1.6 NM),24-06-1960
54,9,45,0,,COM,Transports Aériens Intercontinentaux Flight 307,Douglas DC-7C,"Mérignac, France",ICL [609],BOD,<1 km (0.54 NM),24-09-1959
53,10,43,0,†,COM,Air France Flight 422,Boeing 727-230,"Monserrate, Bogotá, Colombia",ENR [610],,,20-04-1998
53,6,47,0,†,COM,Federal Airlines (ST-FAG),Antonov An-24RV,"Khartoum North, Sudan",LDG [611],[ak],,03-05-1996
53,5,48,0,†,COM,Lineas Aéreas del Estado (TC-72) (1995),Fokker F-27 Friendship 400M,"near Champaqui, Córdoba, Argentina",ENR [612],,,08-11-1995
53,[al],[am],0,,EXG,Bakhtar Alwatana (YA-BAL),Antonov An-26,"near Khost, Afghanistan",ENR [613],,,11-06-1987
53,4,0,49,†,COM,Aeroservicios Ecuatorianos Flight 767-103,Douglas DC-8-55F,"Concepción, Quito Canton, Ecuador",TOF [614],UIO,,18-09-1984
53,2,51,0,,COM,Nigeria Airways Flight 250,Fokker F28 Fellowship 2000,"Enugu, Nigeria",APR [615],ENU,3.3 km (1.8 NM),28-11-1983
53,4,49,0,†,MIL,Korean Air Force (56-4391),Fairchild C-123J,"Seongnam, South Korea",TOF [616],SSN,,01-06-1982
53,6,47,0,†,MIL,Korean Air Force,Fairchild C-123J,"Hallasan, South Korea",ENR [617],,,06-02-1982
53,5,48,0,†,COM,LOT Polish Airlines Flight 165,Antonov An-24W,"Polica Mountain, Poland",ENR [618],,,02-04-1969
53,9,44,0,†,MIL,US Air Force (49-0244),Douglas C-124A Globemaster II,"area of Biscay Abyssal Plain, Atlantic Ocean",ENR [619],,,23-03-1951
53,1,52,0,,COM,Strato-Freight (NC92857),Curtiss C-46D-5-CU,"Atlantic Ocean off San Juan, Puerto Rico, U.S.",ICL [620],SIG,10 km (5.4 NM),07-06-1949
53,4,49,0,†,COM,Eastern Air Lines Flight 605,Douglas DC-4,"Bainbridge, Maryland, U.S.",ENR [621][622],,,30-05-1947
53,4,49,0,†,COM,Avianca (C-114),Douglas DC-4,"Mount El Tablazo, Subachoque, Colombia",ENR [623],,,15-02-1947
53,1,0,52,†,MIL,Santa Ana air show disaster,Curtiss Hawk II,"Campo de Marte, Bogotá, Colombia",ENR [624],,,24-07-1938
53,2,50,0,,COM,Azerbaijan Airlines Flight A-56,Tupolev Tu-134B,"Nakhchivan, Azerbaijan",ICL [625],NAJ,3.8 km (2.1 NM),05-12-1995
53,[an],[an],3,,MIL,Philippine Air Force (5125),Lockheed C-130H Hercules,"Patikul, Sulu, Philippines",APR [626],JOL,,04-07-2021
52,3,49,0,†,EXG,Sri Lanka Air Force (4R-HVA),British Aerospace BAe-748-357 Srs. 2b,"near Jaffna, Sri Lanka",APR [627],JAF,unknown,29-04-1995
52,4,42,6,†,MIL,Kenya Air Force (214),de Havilland Canada DHC-5D Buffalo,"Eastleigh, Nairobi, Kenya",APR [628],HKRE,1.7 km (0.92 NM),16-04-1992
52,,,0,†,MIL,Fuerza Aérea Hondureña (FAH-556),Lockheed C-130 Hercules,"Near Mocorón Airport, Honduras",APR[629],,,14-08-1986
52,5,47,0,†,EXG,Bakhtar Afghan Airlines (YA-BAM),Antonov An-26,"Senjaray, Kandahar Province, Afghanistan",ENR [630],,,04-09-1985
52,6,46,0,†,COM,Aeroflot Flight 1802,Antonov An-24RV,"Chernihiv, Ukrainian SSR, USSR",ENR [631],,,15-05-1976
52,5,47,0,†,COM,Lineas Aéreas del Estado (TC-72) (1975),Fokker F-27 Friendship 400M,"Pilcaniyeu, Argentina",APR [632],BRC,35 km (19 NM),16-03-1975
52,4,48,0,†,COM,Aeroflot Flight H-63,Antonov An-24B,"Vinnytsia, Ukrainian SSR, USSR",APR [633],VIN,c. 2.5 km (1.3 NM),12-11-1971
52,6,46,0,†,INB,Canadian Pacific Air Lines Flight 21,Douglas DC-6B,"near 100 Mile House, British Columbia, Canada",ENR [634],,,08-07-1965
52,12,40,0,†,COM,Aerolíneas Argentinas Flight 322,de Havilland Comet 4,"Campinas, Brazil",ICL [635],VCP,2 km (1.1 NM),23-11-1961
52,8,44,0,†,COM,Československé Státní Aerolinie Flight 511,Ilyushin Il-18,"Igensdorf, West Germany",ENR [636],,,28-03-1961
52,7,13,32,†,MIL,US Air Force (55-0291),Convair C-131 Samaritan,"Munich, West Germany",ENR [637],,,17-12-1960
52,3,49,0,,COM,Transports Aériens Intercontinentaux (F-BGOD),Douglas DC-6B,"near New Cairo, Egypt",APR [638],CAI,29 km (16 NM),20-02-1956
52,11,41,0,†,MIL,US Air Force (51-0107),Douglas C-124A-DL Globemaster II,"Colony Glacier, Mount Gannett, Chugach Mountains, Alaska, U.S.",ENR [639],,,22-11-1952
52,0,52,0,,COM,Pan Am Flight 526A,Douglas DC-4,"Atlantic Ocean, off San Juan, Puerto Rico, U.S.",ENR [640][641],,,11-04-1952
52,12,40,0,†,COM,Air France Flight 072,Latécoère 631,Atlantic Ocean,ENR [642],,,01-08-1948
52,5,47,0,†,COM,United Air Lines Flight 608,Douglas DC-6,"Bryce Canyon, Utah, U.S.",ENR [643][644],,,24-10-1947
52,42,10,0,"‡, †",MIL,French airship Dixmude,Zeppelin-type rigid airship,"Mediterranean, off Sicily, Italy",[645],,,21-12-1923
51,4,47,0,,COM,US-Bangla Airlines Flight 211,Bombardier Dash 8-Q400,"Kathmandu, Nepal",LDG [646],KTM,,12-03-2018
51,4,17,30,,COM,Malift Air (9Q-COS),Antonov An-26,"Kinshasa, DR Congo",TOF [647],FIH,2.0 km (1.1 NM),04-10-2007
51,6,45,0,†,MIL,Afghanistan Air Force,Antonov An-32,"Khojak Pass, Pakistan",APR [648],UET,110 km (59 NM),13-01-1998
51,5,46,0,1*,COM,Intercontinental de Aviación Flight 256,Douglas DC-9-14,"near María La Baja, Colombia",APR [649],CTG,56 km (30 NM),11-01-1995
51,4,47,0,†,COM,Aeroflot-Yugavia Flight 519,Yakovlev Yak-40,"Mount Kukurtbash, Untsukulsky District, Dagestan ASSR, Russian SFSR, USSR",APR [650],MCX,23 km (12 NM),07-11-1991
51,6,45,0,1*,COM,Air Mali (TZ-ACT),Antonov An-24B,"Timbuktu, Mali",ICL [651],TOM,3 km (1.6 NM),22-02-1985
51,6,45,0,†,COM,Soviet Navy (CCCP-42332),Tupolev Tu-104A,"Pushkinsky District, Leningrad, Russian SFSR, USSR",ENR [652],,,07-02-1981
51,6,45,0,†,COM,Aeroflot Flight 2022,Tupolev Tu-124V,"Karacharovo, Volokolamsky District, Russian SFSR, USSR",ENR [653],,,16-12-1973
51,9,42,0,†,COM,Pan Am Flight 217,Boeing 707-321B,"Atlantic Ocean, off Maiquetía, Venezuela",APR [654],CCS,c. 9 km (4.9 NM),12-12-1968
51,5,46,0,1*,COM,Austral Líneas Aéreas Flight 205,Curtiss C-46A-50-CU,"Atlantic Ocean off Mar del Plata, Argentina",APR [655],MDQ,1.2 km (0.65 NM),16-01-1959
51,7,44,0,†,COM,Panair do Brasil Flight 099,Lockheed Constellation,"São Leopoldo, Brazil",ENR [656],,,28-07-1950
50,6,44,0,†,COM,Tatarstan Airlines Flight 363,Boeing 737-53A,"Kazan, Russia",LDG [657],KZN,,17-11-2013
50,4,45,1,†,COM,Colgan Air Flight 3407,Bombardier DHC8-402 Q400,"Clarence Center, New York, U.S.",APR [658],BUF,10 km (5.4 NM),12-02-2009
50,[ao],[ap],0,†,MIL,Sudanese Air Force,Antonov An-32,"Surayriyah, Khartoum, Sudan",ENR [659],,,03-06-1999
50,6,44,0,†,COM,Stavropolskaya Aktsionernaya Avia Flight 1023,Antonov An-24RV,"Cherkessk, Russia",ENR [660],,,18-03-1997
50,4,46,0,†,COM,Philippine Airlines Flight 206,Hawker Siddeley HS 748-209 Srs.2,"Mount Ugu, Benguet, Philippines",APR [661],BAG,19 km (10 NM),26-06-1987
50,12,38,0,1*,COM,Varig Flight 797,Boeing 707-320C,"Bingerville, Côte d'Ivoire",APR [662],ABJ,18 km (9.7 NM),03-01-1987
50,5,45,0,†,COM,Balkan Bulgarian Airlines (LZ-TUR),Tupolev Tu-134,"Sofia, Bulgaria",APR [663],SOF,4 km (2.2 NM),10-01-1984
50,3,47,0,,COM,Spantax Flight 995,McDonnell Douglas DC-10-30,"Málaga, Spain",TOF [664],AGP,0.45 km (0.24 NM),13-09-1982
50,6,44,0,†,COM,Aeropesca Flight 221,Vickers Viscount 745D,"Garzón, Colombia",ENR [665],,,26-08-1981
50,6,44,0,†,COM,Somali Airlines Flight 40,Fokker F27 Friendship 600,"Bal'ad District, Somalia",ENR [666],,,20-07-1981
50,4,46,0,†,COM,Olympic Airways Flight 830,NAMC YS-11A-500,"Servia, Greece",APR [667],KZI,19 km (10 NM),23-11-1976
50,6,44,0,†,MIL,Royal Air Force (XV216),Lockheed C-130K Hercules C.1P,"Ligurian Sea, near Pisa, Italy",ENR [668],,,09-11-1971
50,6,44,0,1*,COM,Hughes Airwest Flight 706 and US Marine Corps (151458),McDonnell Douglas DC-9-31 and McDonnell Douglas F-4 Phantom II,"San Gabriel Mountains, near Duarte, California, U.S.",ENR [669][670],,,06-06-1971
50,5,43,2,,COM,Ariana Afghan Airlines Flight 701,Boeing 727-113C,"Fernhill, England, UK",APR [671],LGW,2.5 km (1.3 NM),05-01-1969
50,5,45,0,†,COM,All Nippon Airways Flight 533,NAMC YS-11,"Seto Inland Sea, off Matsuyama, Shikoku, Japan",APR [672],MYJ,<1 km (0.54 NM),13-11-1966
50,5,45,0,,COM,Iberia (EC-ATH),Convair CV-440-62,"Atlantic Ocean, off Tangier, Morocco",APR [673],TNG,18 km (9.7 NM),31-03-1965
50,7,43,0,†,COM,Panair do Brasil (PP-PDE),Lockheed L-049 Constellation,"area of Manaus, Brazil",ENR [674],,,14-12-1962
50,4,46,0,†,COM,Capital Airlines Flight 20,Vickers Viscount 745D,"Holdcroft, Virginia, U.S.",ENR [675][676],,,18-01-1960
50,5,45,0,†,COM,Scottish Airlines (G-ANSY),Avro York,"Żurrieq, Malta",ENR [677],,,18-02-1956
50,9,41,0,†,COM,Pan Am Flight 202,Boeing 377-10-26,"near Santana do Araguaia, Brazil",ENR [678][679],,,29-04-1952
50,6,44,0,†,COM,United Air Lines Flight 615,Douglas DC-6B,"Union City, California, U.S.",APR [680][681],OAK,22 km (12 NM),24-08-1951
50,5,45,0,†,COM,United Air Lines Flight 610,Douglas DC-6,"near Fort Collins, Colorado, U.S.",ENR [682][683],,,30-06-1951
50,3,47,0,†,COM,Pennsylvania Central Airlines Flight 410,Douglas C-54 Skymaster,"Shannondale, West Virginia, U.S.",ENR [684],,,13-06-1947
